product_id,trade_date,close_price,volume
AAPL,2024-01-02,184.6556,42376319
AAPL_C150,2024-01-02,35.2729,142638
AAPL_P140,2024-01-02,5.0326,146607
AMZN,2024-01-02,175.8599,57597337
AMZN_C180,2024-01-02,9.8202,72274
AUDUSD,2024-01-02,0.6451,428519
BAC,2024-01-02,34.103,36980664
CL_FUT,2024-01-02,75.1732,92907
COP,2024-01-02,117.2407,7885960
COPPER,2024-01-02,3.8444,75032
CORN,2024-01-02,4.4983,43925
COST,2024-01-02,649.4568,2356420
CRUDE_OIL,2024-01-02,73.0765,299726
CVX,2024-01-02,153.1127,7189857
DIS,2024-01-02,94.3251,10615348
ES_FUT,2024-01-02,4800.6227,96462
EURUSD,2024-01-02,1.0781,1097431
GBPUSD,2024-01-02,1.2655,540983
GC_FUT,2024-01-02,2075.7776,138850
GOLD,2024-01-02,2041.886,198207
GOOGL,2024-01-02,138.365,39802418
GS,2024-01-02,386.1633,2051664
HD,2024-01-02,347.7388,3023316
JNJ,2024-01-02,159.7572,4293620
JPM,2024-01-02,177.1987,15388178
MA,2024-01-02,429.5601,4108524
META,2024-01-02,355.0117,29404003
MRK,2024-01-02,118.8055,8150057
MS,2024-01-02,91.045,9796808
MSFT,2024-01-02,382.4838,26464341
NAT_GAS,2024-01-02,2.5846,117197
NKE,2024-01-02,105.0009,7794088
NQ_FUT,2024-01-02,16993.1984,63527
NVDA,2024-01-02,620.1311,17288458
NVDA_C500,2024-01-02,130.7095,97433
PFE,2024-01-02,28.535,33162480
SILVER,2024-01-02,23.8922,145589
SOYBEANS,2024-01-02,13.0156,38151
TSLA,2024-01-02,238.7726,34392105
TSLA_C250,2024-01-02,14.5189,64884
TSLA_P200,2024-01-02,8.0861,103233
UNH,2024-01-02,539.2609,3659354
USDCAD,2024-01-02,1.368,894489
USDCHF,2024-01-02,0.8785,529871
USDJPY,2024-01-02,146.8003,575880
V,2024-01-02,262.0781,5023826
WFC,2024-01-02,50.3299,10900219
WHEAT,2024-01-02,5.813,69870
XOM,2024-01-02,100.462,16873585
ZB_FUT,2024-01-02,119.1276,81342
AAPL,2024-01-03,184.2321,40044483
AAPL_C150,2024-01-03,34.9705,125445
AAPL_P140,2024-01-03,5.1038,84464
AMZN,2024-01-03,179.8869,37302975
AMZN_C180,2024-01-03,9.8527,95189
AUDUSD,2024-01-03,0.6502,744153
BAC,2024-01-03,34.9093,30258845
CL_FUT,2024-01-03,74.9233,127947
COP,2024-01-03,116.1709,6347281
COPPER,2024-01-03,3.8374,112664
CORN,2024-01-03,4.4366,53187
COST,2024-01-03,651.703,3414019
CRUDE_OIL,2024-01-03,74.7399,403926
CVX,2024-01-03,154.7196,11204302
DIS,2024-01-03,95.2056,10475495
ES_FUT,2024-01-03,4669.7766,109643
EURUSD,2024-01-03,1.0805,754245
GBPUSD,2024-01-03,1.284,1128817
GC_FUT,2024-01-03,2002.6516,133183
GOLD,2024-01-03,2002.3222,175672
GOOGL,2024-01-03,139.028,23141067
GS,2024-01-03,399.0627,3045909
HD,2024-01-03,336.4384,4831083
JNJ,2024-01-03,159.3408,9176903
JPM,2024-01-03,175.8556,12500870
MA,2024-01-03,428.3035,5881454
META,2024-01-03,364.5012,17024249
MRK,2024-01-03,119.7767,8097855
MS,2024-01-03,90.0107,11304653
MSFT,2024-01-03,384.0981,17467105
NAT_GAS,2024-01-03,2.5857,107616
NKE,2024-01-03,102.8837,8754488
NQ_FUT,2024-01-03,17302.9523,111504
NVDA,2024-01-03,624.1623,30393360
NVDA_C500,2024-01-03,129.9108,79907
PFE,2024-01-03,29.1964,33414604
SILVER,2024-01-03,23.2786,60131
SOYBEANS,2024-01-03,12.6832,34392
TSLA,2024-01-03,242.8931,37315669
TSLA_C250,2024-01-03,14.5639,110413
TSLA_P200,2024-01-03,8.1635,111357
UNH,2024-01-03,551.6912,3811048
USDCAD,2024-01-03,1.3952,503882
USDCHF,2024-01-03,0.8973,488207
USDJPY,2024-01-03,150.1394,863690
V,2024-01-03,258.6881,6210430
WFC,2024-01-03,51.8094,18776925
WHEAT,2024-01-03,5.9331,81041
XOM,2024-01-03,105.336,11256638
ZB_FUT,2024-01-03,116.7406,92933
AAPL,2024-01-04,183.9348,70148080
AAPL_C150,2024-01-04,35.1965,71808
AAPL_P140,2024-01-04,4.9929,131990
AMZN,2024-01-04,176.1646,29678885
AMZN_C180,2024-01-04,9.9102,146412
AUDUSD,2024-01-04,0.6449,807380
BAC,2024-01-04,34.4642,39271356
CL_FUT,2024-01-04,76.6219,97190
COP,2024-01-04,117.0498,4349935
COPPER,2024-01-04,3.7666,54703
CORN,2024-01-04,4.5021,96840
COST,2024-01-04,653.4119,3698872
CRUDE_OIL,2024-01-04,76.5231,269518
CVX,2024-01-04,156.333,10151815
DIS,2024-01-04,98.5145,10225413
ES_FUT,2024-01-04,4589.4731,108912
EURUSD,2024-01-04,1.0816,1049872
GBPUSD,2024-01-04,1.3285,891811
GC_FUT,2024-01-04,1962.0368,146944
GOLD,2024-01-04,2014.8074,253504
GOOGL,2024-01-04,140.8863,29436622
GS,2024-01-04,398.5392,2117158
HD,2024-01-04,332.9271,7207644
JNJ,2024-01-04,159.5488,5297751
JPM,2024-01-04,172.3689,15763674
MA,2024-01-04,430.7138,4479483
META,2024-01-04,361.1295,29660694
MRK,2024-01-04,120.8692,6323615
MS,2024-01-04,92.3458,6912247
MSFT,2024-01-04,385.1811,29117535
NAT_GAS,2024-01-04,2.5686,203978
NKE,2024-01-04,101.0301,9581479
NQ_FUT,2024-01-04,17496.5148,76203
NVDA,2024-01-04,633.0392,33183631
NVDA_C500,2024-01-04,129.7524,79201
PFE,2024-01-04,28.2244,28805398
SILVER,2024-01-04,22.9121,125449
SOYBEANS,2024-01-04,12.7891,66375
TSLA,2024-01-04,251.1621,22581879
TSLA_C250,2024-01-04,14.8053,115778
TSLA_P200,2024-01-04,8.1026,127308
UNH,2024-01-04,549.2736,4542148
USDCAD,2024-01-04,1.4072,754220
USDCHF,2024-01-04,0.9061,383589
USDJPY,2024-01-04,149.8361,1149673
V,2024-01-04,262.387,7138777
WFC,2024-01-04,51.5029,22229220
WHEAT,2024-01-04,5.9252,85365
XOM,2024-01-04,108.1074,21329363
ZB_FUT,2024-01-04,117.2078,104889
AAPL,2024-01-05,179.8587,33912247
AAPL_C150,2024-01-05,35.1367,75208
AAPL_P140,2024-01-05,5.0905,118396
AMZN,2024-01-05,178.287,46020399
AMZN_C180,2024-01-05,9.7347,72966
AUDUSD,2024-01-05,0.6461,624307
BAC,2024-01-05,33.3908,34876566
CL_FUT,2024-01-05,76.9228,93319
COP,2024-01-05,117.8973,7868014
COPPER,2024-01-05,3.703,82757
CORN,2024-01-05,4.4499,52301
COST,2024-01-05,668.9607,2886116
CRUDE_OIL,2024-01-05,77.7766,225357
CVX,2024-01-05,158.2087,11810809
DIS,2024-01-05,100.9651,13557580
ES_FUT,2024-01-05,4668.6638,129767
EURUSD,2024-01-05,1.0559,1109270
GBPUSD,2024-01-05,1.298,602099
GC_FUT,2024-01-05,1942.0848,110685
GOLD,2024-01-05,2014.5176,247422
GOOGL,2024-01-05,142.2125,30609666
GS,2024-01-05,402.1243,3734828
HD,2024-01-05,337.1352,3897551
JNJ,2024-01-05,161.7075,4530113
JPM,2024-01-05,173.9467,14671301
MA,2024-01-05,419.9026,4997040
META,2024-01-05,356.989,21651883
MRK,2024-01-05,122.7921,9530611
MS,2024-01-05,93.0775,7498855
MSFT,2024-01-05,386.878,16429373
NAT_GAS,2024-01-05,2.4849,133684
NKE,2024-01-05,101.4034,6372563
NQ_FUT,2024-01-05,17571.5759,146241
NVDA,2024-01-05,633.224,36487072
NVDA_C500,2024-01-05,128.8852,79660
PFE,2024-01-05,28.1719,35904396
SILVER,2024-01-05,22.3609,69355
SOYBEANS,2024-01-05,12.8998,64331
TSLA,2024-01-05,251.2743,35378547
TSLA_C250,2024-01-05,14.4894,124432
TSLA_P200,2024-01-05,7.9954,135725
UNH,2024-01-05,555.999,3756045
USDCAD,2024-01-05,1.4071,425339
USDCHF,2024-01-05,0.9166,585975
USDJPY,2024-01-05,152.2107,548543
V,2024-01-05,262.1402,4809913
WFC,2024-01-05,52.8849,13937963
WHEAT,2024-01-05,6.1221,39618
XOM,2024-01-05,106.8344,23620366
ZB_FUT,2024-01-05,117.9132,93507
AAPL,2024-01-08,179.3273,39838708
AAPL_C150,2024-01-08,34.4473,92993
AAPL_P140,2024-01-08,5.1029,122655
AMZN,2024-01-08,174.7343,59540390
AMZN_C180,2024-01-08,9.5949,131551
AUDUSD,2024-01-08,0.6318,671809
BAC,2024-01-08,32.783,29478752
CL_FUT,2024-01-08,75.6513,109942
COP,2024-01-08,120.1495,5592120
COPPER,2024-01-08,3.6614,50231
CORN,2024-01-08,4.4191,98352
COST,2024-01-08,674.1244,2432716
CRUDE_OIL,2024-01-08,78.1437,334948
CVX,2024-01-08,156.8138,8372663
DIS,2024-01-08,102.2469,9725371
ES_FUT,2024-01-08,4669.4318,92923
EURUSD,2024-01-08,1.0674,1372164
GBPUSD,2024-01-08,1.2906,696814
GC_FUT,2024-01-08,1948.8031,146511
GOLD,2024-01-08,1999.9069,246269
GOOGL,2024-01-08,141.8368,44572460
GS,2024-01-08,396.0825,3173954
HD,2024-01-08,333.2502,7337613
JNJ,2024-01-08,161.6018,8897691
JPM,2024-01-08,175.0182,10507025
MA,2024-01-08,416.6955,4664490
META,2024-01-08,359.5563,29467210
MRK,2024-01-08,124.2469,11291770
MS,2024-01-08,94.1538,8874682
MSFT,2024-01-08,381.1274,23586433
NAT_GAS,2024-01-08,2.5347,213825
NKE,2024-01-08,101.4744,11086572
NQ_FUT,2024-01-08,17301.4407,61675
NVDA,2024-01-08,624.2031,40730215
NVDA_C500,2024-01-08,130.5161,127739
PFE,2024-01-08,28.1042,33662867
SILVER,2024-01-08,22.1245,104282
SOYBEANS,2024-01-08,13.0229,45103
TSLA,2024-01-08,258.67,46244622
TSLA_C250,2024-01-08,14.5472,70262
TSLA_P200,2024-01-08,7.9458,132747
UNH,2024-01-08,553.4395,5249983
USDCAD,2024-01-08,1.3942,875132
USDCHF,2024-01-08,0.91,749954
USDJPY,2024-01-08,151.7386,749578
V,2024-01-08,265.1692,6028335
WFC,2024-01-08,52.608,19674206
WHEAT,2024-01-08,6.0534,53610
XOM,2024-01-08,107.7217,24242137
ZB_FUT,2024-01-08,120.6118,136889
AAPL,2024-01-09,179.6928,52740987
AAPL_C150,2024-01-09,34.3742,138888
AAPL_P140,2024-01-09,5.0686,65278
AMZN,2024-01-09,174.6003,53415748
AMZN_C180,2024-01-09,9.3116,125639
AUDUSD,2024-01-09,0.6308,604075
BAC,2024-01-09,31.8211,32703184
CL_FUT,2024-01-09,75.6509,90992
COP,2024-01-09,120.5621,7939773
COPPER,2024-01-09,3.6933,112062
CORN,2024-01-09,4.4198,59959
COST,2024-01-09,678.4494,1952398
CRUDE_OIL,2024-01-09,78.6787,187960
CVX,2024-01-09,151.5171,8538786
DIS,2024-01-09,101.5208,11062722
ES_FUT,2024-01-09,4690.9423,125990
EURUSD,2024-01-09,1.0839,638296
GBPUSD,2024-01-09,1.2982,835049
GC_FUT,2024-01-09,1900.57,101296
GOLD,2024-01-09,2038.7388,214140
GOOGL,2024-01-09,138.7241,20657282
GS,2024-01-09,394.5481,4446660
HD,2024-01-09,330.2356,7085716
JNJ,2024-01-09,158.692,7200349
JPM,2024-01-09,172.4799,12933956
MA,2024-01-09,414.9056,4631048
META,2024-01-09,358.6693,15214220
MRK,2024-01-09,123.3212,12033483
MS,2024-01-09,95.5594,10506140
MSFT,2024-01-09,388.2561,36849263
NAT_GAS,2024-01-09,2.5424,194539
NKE,2024-01-09,104.0564,5389466
NQ_FUT,2024-01-09,17111.2803,124759
NVDA,2024-01-09,611.5991,21823889
NVDA_C500,2024-01-09,124.07,134131
PFE,2024-01-09,28.0835,30810722
SILVER,2024-01-09,22.0855,65390
SOYBEANS,2024-01-09,13.2959,34018
TSLA,2024-01-09,253.0407,39756748
TSLA_C250,2024-01-09,14.5606,90722
TSLA_P200,2024-01-09,8.1734,107045
UNH,2024-01-09,558.386,5384252
USDCAD,2024-01-09,1.3764,815690
USDCHF,2024-01-09,0.8918,549710
USDJPY,2024-01-09,149.0374,1010219
V,2024-01-09,261.1438,5764102
WFC,2024-01-09,53.5987,15139611
WHEAT,2024-01-09,6.1143,50914
XOM,2024-01-09,108.7649,22076366
ZB_FUT,2024-01-09,120.4371,71802
AAPL,2024-01-10,181.5166,59244799
AAPL_C150,2024-01-10,34.2691,83021
AAPL_P140,2024-01-10,5.112,97442
AMZN,2024-01-10,174.3824,34777635
AMZN_C180,2024-01-10,9.0759,109817
AUDUSD,2024-01-10,0.6407,702158
BAC,2024-01-10,31.2047,40319041
CL_FUT,2024-01-10,76.6445,123494
COP,2024-01-10,118.2398,4065563
COPPER,2024-01-10,3.6826,59311
CORN,2024-01-10,4.3198,66353
COST,2024-01-10,698.5432,3160518
CRUDE_OIL,2024-01-10,77.6371,364467
CVX,2024-01-10,151.6429,10568266
DIS,2024-01-10,101.7048,8346966
ES_FUT,2024-01-10,4811.6714,86189
EURUSD,2024-01-10,1.0955,790275
GBPUSD,2024-01-10,1.3178,783193
GC_FUT,2024-01-10,1864.3844,62461
GOLD,2024-01-10,2104.1626,260937
GOOGL,2024-01-10,137.2149,41265158
GS,2024-01-10,405.7745,2458073
HD,2024-01-10,336.7707,3402573
JNJ,2024-01-10,159.2398,4887040
JPM,2024-01-10,171.0953,11795441
MA,2024-01-10,416.9377,4850616
META,2024-01-10,362.8865,13951245
MRK,2024-01-10,123.8979,6586198
MS,2024-01-10,95.8682,11070045
MSFT,2024-01-10,388.1984,34367543
NAT_GAS,2024-01-10,2.5863,219675
NKE,2024-01-10,101.7879,5362339
NQ_FUT,2024-01-10,17006.0708,67717
NVDA,2024-01-10,617.0146,19980768
NVDA_C500,2024-01-10,122.9112,148301
PFE,2024-01-10,28.3561,21952155
SILVER,2024-01-10,22.6145,68372
SOYBEANS,2024-01-10,13.0976,43818
TSLA,2024-01-10,243.318,50926247
TSLA_C250,2024-01-10,14.4106,134689
TSLA_P200,2024-01-10,8.2437,120322
UNH,2024-01-10,547.0496,5059588
USDCAD,2024-01-10,1.3892,852536
USDCHF,2024-01-10,0.8847,441561
USDJPY,2024-01-10,148.9009,1005940
V,2024-01-10,264.8248,9651437
WFC,2024-01-10,53.7019,18083183
WHEAT,2024-01-10,5.9361,78473
XOM,2024-01-10,110.4386,18067343
ZB_FUT,2024-01-10,121.5913,111830
AAPL,2024-01-11,181.8719,54522366
AAPL_C150,2024-01-11,34.121,149521
AAPL_P140,2024-01-11,5.0976,113167
AMZN,2024-01-11,171.2324,28834480
AMZN_C180,2024-01-11,9.3166,109956
AUDUSD,2024-01-11,0.644,638431
BAC,2024-01-11,30.3951,19928065
CL_FUT,2024-01-11,76.4659,119335
COP,2024-01-11,117.4972,5270169
COPPER,2024-01-11,3.7138,61678
CORN,2024-01-11,4.365,102789
COST,2024-01-11,694.0461,3775097
CRUDE_OIL,2024-01-11,78.0379,230530
CVX,2024-01-11,151.556,9137663
DIS,2024-01-11,102.5783,14412824
ES_FUT,2024-01-11,4728.9678,95710
EURUSD,2024-01-11,1.119,1027950
GBPUSD,2024-01-11,1.3264,828646
GC_FUT,2024-01-11,1874.0275,70464
GOLD,2024-01-11,2101.3092,142847
GOOGL,2024-01-11,138.3324,24713721
GS,2024-01-11,400.2167,4289044
HD,2024-01-11,331.2852,6254029
JNJ,2024-01-11,156.4656,7374183
JPM,2024-01-11,171.0879,14790833
MA,2024-01-11,414.0905,2513653
META,2024-01-11,361.9981,19822147
MRK,2024-01-11,122.6829,6997901
MS,2024-01-11,96.4081,9261914
MSFT,2024-01-11,397.5912,30338483
NAT_GAS,2024-01-11,2.5238,140434
NKE,2024-01-11,102.6005,8862014
NQ_FUT,2024-01-11,16834.1073,100428
NVDA,2024-01-11,617.8793,33670362
NVDA_C500,2024-01-11,125.6852,100110
PFE,2024-01-11,28.3394,34571910
SILVER,2024-01-11,22.6111,142914
SOYBEANS,2024-01-11,13.3575,65464
TSLA,2024-01-11,247.2927,43657129
TSLA_C250,2024-01-11,14.5901,106978
TSLA_P200,2024-01-11,8.2571,77991
UNH,2024-01-11,543.2534,4725689
USDCAD,2024-01-11,1.4071,961776
USDCHF,2024-01-11,0.8854,502950
USDJPY,2024-01-11,146.8485,1165597
V,2024-01-11,266.8057,7839428
WFC,2024-01-11,53.2175,20102633
WHEAT,2024-01-11,5.9849,69645
XOM,2024-01-11,112.4551,10885069
ZB_FUT,2024-01-11,121.7401,84295
AAPL,2024-01-12,182.5985,66424370
AAPL_C150,2024-01-12,34.0963,119577
AAPL_P140,2024-01-12,5.1363,76313
AMZN,2024-01-12,166.0876,28155432
AMZN_C180,2024-01-12,9.3294,113698
AUDUSD,2024-01-12,0.6413,510241
BAC,2024-01-12,30.6013,38221858
CL_FUT,2024-01-12,74.2438,127303
COP,2024-01-12,120.3402,6438756
COPPER,2024-01-12,3.7374,98198
CORN,2024-01-12,4.4392,95998
COST,2024-01-12,712.8238,2661039
CRUDE_OIL,2024-01-12,78.7813,255560
CVX,2024-01-12,150.6892,10720857
DIS,2024-01-12,101.203,7371702
ES_FUT,2024-01-12,4749.0354,105195
EURUSD,2024-01-12,1.0935,641905
GBPUSD,2024-01-12,1.3402,657544
GC_FUT,2024-01-12,1910.8921,149477
GOLD,2024-01-12,2083.2082,260602
GOOGL,2024-01-12,139.2046,29390804
GS,2024-01-12,398.4673,3172250
HD,2024-01-12,328.622,7215012
JNJ,2024-01-12,157.1707,9134330
JPM,2024-01-12,168.8398,10125897
MA,2024-01-12,417.0546,2468174
META,2024-01-12,361.4735,22911759
MRK,2024-01-12,120.2315,10709622
MS,2024-01-12,96.621,5830447
MSFT,2024-01-12,398.397,27081832
NAT_GAS,2024-01-12,2.56,103639
NKE,2024-01-12,104.4257,8439506
NQ_FUT,2024-01-12,17346.137,75351
NVDA,2024-01-12,612.0835,34426517
NVDA_C500,2024-01-12,125.8779,141404
PFE,2024-01-12,28.3877,27742224
SILVER,2024-01-12,22.9461,123076
SOYBEANS,2024-01-12,13.2854,43232
TSLA,2024-01-12,244.1458,36900512
TSLA_C250,2024-01-12,14.5542,123188
TSLA_P200,2024-01-12,8.2597,85795
UNH,2024-01-12,534.2628,3924262
USDCAD,2024-01-12,1.4158,894040
USDCHF,2024-01-12,0.8975,304312
USDJPY,2024-01-12,147.6257,1016757
V,2024-01-12,269.8918,6170104
WFC,2024-01-12,52.2989,21693940
WHEAT,2024-01-12,5.894,58379
XOM,2024-01-12,113.6284,24326402
ZB_FUT,2024-01-12,122.6067,81222
AAPL,2024-01-15,186.2443,30292444
AAPL_C150,2024-01-15,34.0484,122077
AAPL_P140,2024-01-15,5.028,94177
AMZN,2024-01-15,168.6113,33804535
AMZN_C180,2024-01-15,9.342,108343
AUDUSD,2024-01-15,0.65,873137
BAC,2024-01-15,30.9504,33368590
CL_FUT,2024-01-15,72.6359,74561
COP,2024-01-15,120.369,7753488
COPPER,2024-01-15,3.7227,67099
CORN,2024-01-15,4.3803,58952
COST,2024-01-15,699.9903,2665795
CRUDE_OIL,2024-01-15,79.0383,347177
CVX,2024-01-15,148.8253,5376496
DIS,2024-01-15,100.4804,8968787
ES_FUT,2024-01-15,4678.3472,132588
EURUSD,2024-01-15,1.1272,1409380
GBPUSD,2024-01-15,1.3477,930024
GC_FUT,2024-01-15,1928.1942,120922
GOLD,2024-01-15,2076.1666,258857
GOOGL,2024-01-15,141.3659,25520718
GS,2024-01-15,407.256,2545867
HD,2024-01-15,331.3354,6970102
JNJ,2024-01-15,156.9818,9661979
JPM,2024-01-15,168.8791,9279910
MA,2024-01-15,416.2146,3529292
META,2024-01-15,356.9201,21205615
MRK,2024-01-15,118.4391,6834883
MS,2024-01-15,99.8462,8120279
MSFT,2024-01-15,397.614,17509923
NAT_GAS,2024-01-15,2.547,130738
NKE,2024-01-15,105.2036,8923452
NQ_FUT,2024-01-15,17327.6124,134732
NVDA,2024-01-15,609.7486,36125832
NVDA_C500,2024-01-15,123.9282,146300
PFE,2024-01-15,28.205,29246370
SILVER,2024-01-15,22.7022,93524
SOYBEANS,2024-01-15,13.4245,68304
TSLA,2024-01-15,246.4565,49262055
TSLA_C250,2024-01-15,14.6839,72640
TSLA_P200,2024-01-15,8.1888,82550
UNH,2024-01-15,529.508,3048946
USDCAD,2024-01-15,1.4213,791431
USDCHF,2024-01-15,0.902,361440
USDJPY,2024-01-15,145.6331,559895
V,2024-01-15,270.3643,7442766
WFC,2024-01-15,52.7595,9337832
WHEAT,2024-01-15,5.8827,44002
XOM,2024-01-15,114.2883,19690628
ZB_FUT,2024-01-15,121.0034,73125
AAPL,2024-01-16,187.7858,45311273
AAPL_C150,2024-01-16,33.9748,97509
AAPL_P140,2024-01-16,5.018,121601
AMZN,2024-01-16,170.6619,45773873
AMZN_C180,2024-01-16,9.4577,127346
AUDUSD,2024-01-16,0.6466,536736
BAC,2024-01-16,30.9022,36594305
CL_FUT,2024-01-16,73.2139,79301
COP,2024-01-16,120.7194,8850850
COPPER,2024-01-16,3.6348,68269
CORN,2024-01-16,4.3026,67798
COST,2024-01-16,691.1453,2614763
CRUDE_OIL,2024-01-16,78.8515,246361
CVX,2024-01-16,148.3161,9558618
DIS,2024-01-16,98.4325,10493713
ES_FUT,2024-01-16,4563.5323,115263
EURUSD,2024-01-16,1.1449,1107158
GBPUSD,2024-01-16,1.337,557020
GC_FUT,2024-01-16,1931.9414,145990
GOLD,2024-01-16,2141.2944,125284
GOOGL,2024-01-16,141.4142,29964530
GS,2024-01-16,398.9869,3933016
HD,2024-01-16,329.8358,3791049
JNJ,2024-01-16,154.4462,10273364
JPM,2024-01-16,170.2143,8491191
MA,2024-01-16,421.8899,3877358
META,2024-01-16,351.7564,16585005
MRK,2024-01-16,118.7714,11511011
MS,2024-01-16,99.8474,4867661
MSFT,2024-01-16,406.2223,24782218
NAT_GAS,2024-01-16,2.5624,218073
NKE,2024-01-16,106.0634,8546459
NQ_FUT,2024-01-16,16960.1155,133840
NVDA,2024-01-16,616.1072,35647726
NVDA_C500,2024-01-16,122.2685,121429
PFE,2024-01-16,28.3501,15689784
SILVER,2024-01-16,22.8506,68601
SOYBEANS,2024-01-16,13.0314,56260
TSLA,2024-01-16,242.4567,44425146
TSLA_C250,2024-01-16,14.7257,124517
TSLA_P200,2024-01-16,8.2915,86562
UNH,2024-01-16,535.4194,3171093
USDCAD,2024-01-16,1.3808,618137
USDCHF,2024-01-16,0.9162,527447
USDJPY,2024-01-16,145.6709,624684
V,2024-01-16,265.6986,7342186
WFC,2024-01-16,53.1389,20937170
WHEAT,2024-01-16,5.7579,86741
XOM,2024-01-16,114.0232,12601227
ZB_FUT,2024-01-16,121.774,146323
AAPL,2024-01-17,183.7478,36996577
AAPL_C150,2024-01-17,33.5166,102695
AAPL_P140,2024-01-17,5.0336,135468
AMZN,2024-01-17,170.364,46832566
AMZN_C180,2024-01-17,9.421,141319
AUDUSD,2024-01-17,0.6635,755670
BAC,2024-01-17,31.1434,36892809
CL_FUT,2024-01-17,72.4262,109551
COP,2024-01-17,120.1207,7068628
COPPER,2024-01-17,3.6373,89167
CORN,2024-01-17,4.4154,90357
COST,2024-01-17,700.8198,2396815
CRUDE_OIL,2024-01-17,78.5343,328685
CVX,2024-01-17,147.3101,7868035
DIS,2024-01-17,100.3775,11891471
ES_FUT,2024-01-17,4606.3931,100159
EURUSD,2024-01-17,1.1839,883036
GBPUSD,2024-01-17,1.33,699353
GC_FUT,2024-01-17,1957.5641,106485
GOLD,2024-01-17,2150.9239,131496
GOOGL,2024-01-17,146.2633,41256425
GS,2024-01-17,387.0901,3170891
HD,2024-01-17,344.7688,4786475
JNJ,2024-01-17,154.148,4583200
JPM,2024-01-17,166.0474,9199618
MA,2024-01-17,429.9084,5189900
META,2024-01-17,356.4302,24758135
MRK,2024-01-17,116.7486,11555004
MS,2024-01-17,101.027,10593358
MSFT,2024-01-17,391.8672,34706691
NAT_GAS,2024-01-17,2.5802,196898
NKE,2024-01-17,107.2423,5636928
NQ_FUT,2024-01-17,16697.2191,76369
NVDA,2024-01-17,627.2784,19686228
NVDA_C500,2024-01-17,120.5457,145048
PFE,2024-01-17,28.3514,24446231
SILVER,2024-01-17,22.8345,72016
SOYBEANS,2024-01-17,13.1075,72493
TSLA,2024-01-17,239.7479,28788051
TSLA_C250,2024-01-17,14.7114,114976
TSLA_P200,2024-01-17,8.1327,127823
UNH,2024-01-17,544.3529,3215554
USDCAD,2024-01-17,1.4167,508093
USDCHF,2024-01-17,0.884,522736
USDJPY,2024-01-17,140.8926,634016
V,2024-01-17,265.468,10154966
WFC,2024-01-17,51.5141,11988457
WHEAT,2024-01-17,5.6832,85946
XOM,2024-01-17,111.9837,15467245
ZB_FUT,2024-01-17,123.7615,75894
AAPL,2024-01-18,186.2102,34173562
AAPL_C150,2024-01-18,33.9592,73781
AAPL_P140,2024-01-18,5.0745,142835
AMZN,2024-01-18,168.7264,33503420
AMZN_C180,2024-01-18,9.3428,118133
AUDUSD,2024-01-18,0.664,754703
BAC,2024-01-18,31.6678,31332470
CL_FUT,2024-01-18,73.0256,122735
COP,2024-01-18,117.5696,5460379
COPPER,2024-01-18,3.6557,108469
CORN,2024-01-18,4.4312,42560
COST,2024-01-18,713.1304,2611352
CRUDE_OIL,2024-01-18,79.7234,196464
CVX,2024-01-18,150.1691,9766306
DIS,2024-01-18,99.9453,13394327
ES_FUT,2024-01-18,4679.457,76123
EURUSD,2024-01-18,1.1926,1465322
GBPUSD,2024-01-18,1.3474,926538
GC_FUT,2024-01-18,2013.5261,82343
GOLD,2024-01-18,2127.4993,248218
GOOGL,2024-01-18,148.0,44980626
GS,2024-01-18,394.1066,4015483
HD,2024-01-18,336.3015,5229227
JNJ,2024-01-18,151.8714,8522414
JPM,2024-01-18,165.154,9536954
MA,2024-01-18,441.5341,5049014
META,2024-01-18,368.7235,21692135
MRK,2024-01-18,113.0095,9972383
MS,2024-01-18,102.9121,5937424
MSFT,2024-01-18,396.1638,20926253
NAT_GAS,2024-01-18,2.6353,113517
NKE,2024-01-18,107.863,5454779
NQ_FUT,2024-01-18,16596.6644,125176
NVDA,2024-01-18,637.7311,19524088
NVDA_C500,2024-01-18,124.2126,94728
PFE,2024-01-18,28.064,22670159
SILVER,2024-01-18,22.8988,111103
SOYBEANS,2024-01-18,13.4834,52521
TSLA,2024-01-18,240.2612,41086335
TSLA_C250,2024-01-18,14.6125,76878
TSLA_P200,2024-01-18,8.3543,69223
UNH,2024-01-18,541.473,2895235
USDCAD,2024-01-18,1.4156,768639
USDCHF,2024-01-18,0.8788,677951
USDJPY,2024-01-18,143.6546,1301947
V,2024-01-18,266.3523,7384300
WFC,2024-01-18,50.8835,9853430
WHEAT,2024-01-18,5.6486,51449
XOM,2024-01-18,111.8513,17601173
ZB_FUT,2024-01-18,126.5115,104963
AAPL,2024-01-19,185.5939,34352236
AAPL_C150,2024-01-19,33.7268,87100
AAPL_P140,2024-01-19,5.0693,70164
AMZN,2024-01-19,163.2958,54459733
AMZN_C180,2024-01-19,9.4658,106129
AUDUSD,2024-01-19,0.65,553440
BAC,2024-01-19,31.4801,20171930
CL_FUT,2024-01-19,72.8736,146811
COP,2024-01-19,118.4281,8340984
COPPER,2024-01-19,3.6863,78787
CORN,2024-01-19,4.514,79871
COST,2024-01-19,737.5121,4175227
CRUDE_OIL,2024-01-19,79.6265,233853
CVX,2024-01-19,149.8194,11064267
DIS,2024-01-19,98.9144,14698574
ES_FUT,2024-01-19,4778.579,147096
EURUSD,2024-01-19,1.1674,1241440
GBPUSD,2024-01-19,1.3421,1058935
GC_FUT,2024-01-19,2017.6142,68370
GOLD,2024-01-19,2116.8103,201935
GOOGL,2024-01-19,145.4601,40572744
GS,2024-01-19,393.2049,3384731
HD,2024-01-19,348.2997,7167178
JNJ,2024-01-19,152.221,7288693
JPM,2024-01-19,161.2448,17747355
MA,2024-01-19,435.2255,2624212
META,2024-01-19,368.9681,24949739
MRK,2024-01-19,114.2582,10545916
MS,2024-01-19,101.592,7980454
MSFT,2024-01-19,392.5544,35534126
NAT_GAS,2024-01-19,2.6221,220780
NKE,2024-01-19,109.9522,8474702
NQ_FUT,2024-01-19,16437.1069,90840
NVDA,2024-01-19,615.4906,17447096
NVDA_C500,2024-01-19,122.7789,142020
PFE,2024-01-19,27.6114,32478801
SILVER,2024-01-19,22.7831,99148
SOYBEANS,2024-01-19,13.6711,69037
TSLA,2024-01-19,240.7672,40742575
TSLA_C250,2024-01-19,14.8151,101134
TSLA_P200,2024-01-19,8.4031,138123
UNH,2024-01-19,555.4977,2764106
USDCAD,2024-01-19,1.4248,798004
USDCHF,2024-01-19,0.8665,519914
USDJPY,2024-01-19,144.8701,908819
V,2024-01-19,269.1525,6423239
WFC,2024-01-19,51.6474,13079567
WHEAT,2024-01-19,5.6353,64924
XOM,2024-01-19,112.3828,23661165
ZB_FUT,2024-01-19,130.2405,106530
AAPL,2024-01-22,187.8275,66320772
AAPL_C150,2024-01-22,33.0651,119549
AAPL_P140,2024-01-22,5.051,83545
AMZN,2024-01-22,163.7277,27322744
AMZN_C180,2024-01-22,9.5219,135127
AUDUSD,2024-01-22,0.6539,394198
BAC,2024-01-22,31.9761,26702682
CL_FUT,2024-01-22,72.272,60476
COP,2024-01-22,118.9434,4582600
COPPER,2024-01-22,3.7304,69207
CORN,2024-01-22,4.4638,42533
COST,2024-01-22,747.8036,4261259
CRUDE_OIL,2024-01-22,80.288,418856
CVX,2024-01-22,150.3954,7338427
DIS,2024-01-22,97.8598,7514102
ES_FUT,2024-01-22,4746.6942,126232
EURUSD,2024-01-22,1.1525,958466
GBPUSD,2024-01-22,1.3338,1067142
GC_FUT,2024-01-22,1992.322,66842
GOLD,2024-01-22,2111.5547,184822
GOOGL,2024-01-22,150.3933,40914784
GS,2024-01-22,398.1846,4497036
HD,2024-01-22,343.2193,6945344
JNJ,2024-01-22,153.019,4708980
JPM,2024-01-22,161.6782,12866078
MA,2024-01-22,438.234,3570178
META,2024-01-22,368.6618,18555986
MRK,2024-01-22,111.8633,10480460
MS,2024-01-22,100.4765,9400358
MSFT,2024-01-22,392.6586,34586667
NAT_GAS,2024-01-22,2.5915,196243
NKE,2024-01-22,110.6387,8495384
NQ_FUT,2024-01-22,16126.5088,80683
NVDA,2024-01-22,610.4049,40945955
NVDA_C500,2024-01-22,122.4401,133989
PFE,2024-01-22,28.1024,27770855
SILVER,2024-01-22,23.0348,83489
SOYBEANS,2024-01-22,13.5481,32432
TSLA,2024-01-22,236.4773,29649819
TSLA_C250,2024-01-22,14.7253,130327
TSLA_P200,2024-01-22,8.389,126817
UNH,2024-01-22,563.1559,5175148
USDCAD,2024-01-22,1.3963,854999
USDCHF,2024-01-22,0.8696,642475
USDJPY,2024-01-22,146.3738,707562
V,2024-01-22,268.6493,4518404
WFC,2024-01-22,50.1447,14511994
WHEAT,2024-01-22,5.5886,56684
XOM,2024-01-22,111.6288,25463379
ZB_FUT,2024-01-22,130.1736,124850
AAPL,2024-01-23,184.7474,62837930
AAPL_C150,2024-01-23,32.8694,114507
AAPL_P140,2024-01-23,5.0648,88281
AMZN,2024-01-23,162.0237,24127644
AMZN_C180,2024-01-23,9.6103,77489
AUDUSD,2024-01-23,0.6474,592007
BAC,2024-01-23,32.1121,24759933
CL_FUT,2024-01-23,72.8044,143327
COP,2024-01-23,116.4754,8817828
COPPER,2024-01-23,3.6917,62376
CORN,2024-01-23,4.4633,61243
COST,2024-01-23,739.7071,3138176
CRUDE_OIL,2024-01-23,78.6344,396585
CVX,2024-01-23,152.2479,11856196
DIS,2024-01-23,96.564,13154779
ES_FUT,2024-01-23,4681.3529,79693
EURUSD,2024-01-23,1.162,816424
GBPUSD,2024-01-23,1.3501,1098846
GC_FUT,2024-01-23,1943.7292,143825
GOLD,2024-01-23,2071.2144,186183
GOOGL,2024-01-23,149.441,22490399
GS,2024-01-23,394.9234,3254167
HD,2024-01-23,349.9809,3482853
JNJ,2024-01-23,152.5829,8032273
JPM,2024-01-23,161.4969,9296469
MA,2024-01-23,441.7836,4784016
META,2024-01-23,360.5414,13259528
MRK,2024-01-23,109.5328,6622754
MS,2024-01-23,102.1617,7855024
MSFT,2024-01-23,390.2567,28701829
NAT_GAS,2024-01-23,2.5085,120137
NKE,2024-01-23,108.9704,8088949
NQ_FUT,2024-01-23,16224.5202,94691
NVDA,2024-01-23,623.3294,26795691
NVDA_C500,2024-01-23,120.1372,100100
PFE,2024-01-23,28.2301,18541722
SILVER,2024-01-23,22.9851,88350
SOYBEANS,2024-01-23,13.668,68440
TSLA,2024-01-23,239.1201,29559025
TSLA_C250,2024-01-23,14.7079,97302
TSLA_P200,2024-01-23,8.1403,110514
UNH,2024-01-23,572.2559,2535890
USDCAD,2024-01-23,1.3739,954172
USDCHF,2024-01-23,0.8715,431440
USDJPY,2024-01-23,143.9353,894914
V,2024-01-23,260.3975,8321838
WFC,2024-01-23,51.3211,13108921
WHEAT,2024-01-23,5.6619,62221
XOM,2024-01-23,111.8784,20467172
ZB_FUT,2024-01-23,130.5758,110592
AAPL,2024-01-24,177.5424,47034046
AAPL_C150,2024-01-24,32.5458,72344
AAPL_P140,2024-01-24,5.0341,129077
AMZN,2024-01-24,175.0,51760292
AMZN_C180,2024-01-24,9.7212,136702
AUDUSD,2024-01-24,0.6461,474399
BAC,2024-01-24,33.1559,40570882
CL_FUT,2024-01-24,73.1577,99183
COP,2024-01-24,113.009,3899229
COPPER,2024-01-24,3.629,49852
CORN,2024-01-24,4.5857,102922
COST,2024-01-24,731.5949,4425183
CRUDE_OIL,2024-01-24,78.3891,394608
CVX,2024-01-24,152.2723,11624911
DIS,2024-01-24,97.7162,10394846
ES_FUT,2024-01-24,4689.6069,103887
EURUSD,2024-01-24,1.1672,1351185
GBPUSD,2024-01-24,1.3613,710878
GC_FUT,2024-01-24,1917.3737,140488
GOLD,2024-01-24,2071.9342,165920
GOOGL,2024-01-24,147.9376,28828087
GS,2024-01-24,395.2604,2731834
HD,2024-01-24,350.4817,7423472
JNJ,2024-01-24,154.3101,8188383
JPM,2024-01-24,162.6366,9656818
MA,2024-01-24,436.2391,3023456
META,2024-01-24,358.1649,17650481
MRK,2024-01-24,111.18,7852845
MS,2024-01-24,102.1905,6234362
MSFT,2024-01-24,398.3455,18438883
NAT_GAS,2024-01-24,2.4894,131421
NKE,2024-01-24,110.7056,10609790
NQ_FUT,2024-01-24,16356.4131,137363
NVDA,2024-01-24,622.7058,34203483
NVDA_C500,2024-01-24,122.4701,63946
PFE,2024-01-24,28.3094,28901359
SILVER,2024-01-24,23.1601,126181
SOYBEANS,2024-01-24,13.7612,48413
TSLA,2024-01-24,240.5684,31070851
TSLA_C250,2024-01-24,14.6092,143396
TSLA_P200,2024-01-24,8.1594,131893
UNH,2024-01-24,557.1083,3612351
USDCAD,2024-01-24,1.3648,746181
USDCHF,2024-01-24,0.8692,375694
USDJPY,2024-01-24,144.2414,1104378
V,2024-01-24,260.7348,7164697
WFC,2024-01-24,52.7691,15650432
WHEAT,2024-01-24,5.6454,50872
XOM,2024-01-24,113.9211,14719397
ZB_FUT,2024-01-24,129.0012,111105
AAPL,2024-01-25,175.9794,54841828
AAPL_C150,2024-01-25,32.6671,124688
AAPL_P140,2024-01-25,4.9265,111898
AMZN,2024-01-25,188.0,202737248
AMZN_C180,2024-01-25,9.9616,136624
AUDUSD,2024-01-25,0.6442,542387
BAC,2024-01-25,33.856,33530375
CL_FUT,2024-01-25,73.8946,67203
COP,2024-01-25,114.5737,4270470
COPPER,2024-01-25,3.6517,53899
CORN,2024-01-25,4.542,65717
COST,2024-01-25,747.095,3921672
CRUDE_OIL,2024-01-25,80.4601,276960
CVX,2024-01-25,155.2169,7415840
DIS,2024-01-25,99.7906,14252094
ES_FUT,2024-01-25,4753.3678,63852
EURUSD,2024-01-25,1.1389,898556
GBPUSD,2024-01-25,1.3599,1162040
GC_FUT,2024-01-25,1921.8919,84216
GOLD,2024-01-25,2104.9578,250100
GOOGL,2024-01-25,148.1206,19583155
GS,2024-01-25,388.3463,3029430
HD,2024-01-25,347.1816,5444852
JNJ,2024-01-25,155.1009,7654645
JPM,2024-01-25,162.862,12968658
MA,2024-01-25,435.4649,5683646
META,2024-01-25,354.144,27264275
MRK,2024-01-25,111.963,7624856
MS,2024-01-25,105.1826,7569791
MSFT,2024-01-25,399.0492,32519095
NAT_GAS,2024-01-25,2.4779,182947
NKE,2024-01-25,111.3953,10007616
NQ_FUT,2024-01-25,16465.3353,105392
NVDA,2024-01-25,619.2682,32606508
NVDA_C500,2024-01-25,123.4711,106250
PFE,2024-01-25,28.1623,29893620
SILVER,2024-01-25,22.6547,88625
SOYBEANS,2024-01-25,13.8702,55623
TSLA,2024-01-25,238.7335,28284736
TSLA_C250,2024-01-25,14.7662,129493
TSLA_P200,2024-01-25,8.3756,85887
UNH,2024-01-25,557.7285,3756191
USDCAD,2024-01-25,1.3507,740999
USDCHF,2024-01-25,0.8855,505794
USDJPY,2024-01-25,143.5175,1196250
V,2024-01-25,253.433,6914844
WFC,2024-01-25,54.1398,10831464
WHEAT,2024-01-25,5.6323,43768
XOM,2024-01-25,114.1673,13125944
ZB_FUT,2024-01-25,126.6598,65403
AAPL,2024-01-26,177.7857,68776810
AAPL_C150,2024-01-26,32.4752,70596
AAPL_P140,2024-01-26,4.7407,120285
AMZN,2024-01-26,160.397,43860495
AMZN_C180,2024-01-26,10.4023,101513
AUDUSD,2024-01-26,0.6624,672084
BAC,2024-01-26,35.7716,36151602
CL_FUT,2024-01-26,74.2243,63397
COP,2024-01-26,115.1981,5342368
COPPER,2024-01-26,3.6928,108751
CORN,2024-01-26,4.4875,63968
COST,2024-01-26,741.3201,2660583
CRUDE_OIL,2024-01-26,80.3441,327019
CVX,2024-01-26,156.7701,10567891
DIS,2024-01-26,97.7503,6528588
ES_FUT,2024-01-26,4781.141,78609
EURUSD,2024-01-26,1.1626,1280048
GBPUSD,2024-01-26,1.3657,1174493
GC_FUT,2024-01-26,1963.7831,141893
GOLD,2024-01-26,2130.4364,161112
GOOGL,2024-01-26,143.4881,25160482
GS,2024-01-26,386.1253,2668798
HD,2024-01-26,362.5741,5222605
JNJ,2024-01-26,151.7248,7542508
JPM,2024-01-26,163.2834,10162562
MA,2024-01-26,432.2469,5179163
META,2024-01-26,353.4022,17567123
MRK,2024-01-26,113.8718,7914303
MS,2024-01-26,104.0596,8917843
MSFT,2024-01-26,391.7389,26932957
NAT_GAS,2024-01-26,2.5205,218086
NKE,2024-01-26,108.9864,10169792
NQ_FUT,2024-01-26,16347.1669,68666
NVDA,2024-01-26,632.2724,38227389
NVDA_C500,2024-01-26,122.7857,145339
PFE,2024-01-26,27.8718,25927388
SILVER,2024-01-26,22.6431,78244
SOYBEANS,2024-01-26,14.066,44237
TSLA,2024-01-26,238.3173,42859419
TSLA_C250,2024-01-26,14.5188,100545
TSLA_P200,2024-01-26,8.2312,94879
UNH,2024-01-26,553.4848,2984089
USDCAD,2024-01-26,1.3509,454378
USDCHF,2024-01-26,0.8847,547376
USDJPY,2024-01-26,145.2119,633219
V,2024-01-26,251.8254,9759471
WFC,2024-01-26,55.129,15124190
WHEAT,2024-01-26,5.5332,38094
XOM,2024-01-26,112.066,14697140
ZB_FUT,2024-01-26,128.4318,133243
AAPL,2024-01-29,174.588,55980846
AAPL_C150,2024-01-29,32.6591,77878
AAPL_P140,2024-01-29,4.6641,90447
AMZN,2024-01-29,160.1437,26708778
AMZN_C180,2024-01-29,10.1986,109469
AUDUSD,2024-01-29,0.6521,545619
BAC,2024-01-29,35.1392,25276797
CL_FUT,2024-01-29,71.8456,115256
COP,2024-01-29,116.0826,7430393
COPPER,2024-01-29,3.6739,83214
CORN,2024-01-29,4.4879,84663
COST,2024-01-29,736.0746,2816442
CRUDE_OIL,2024-01-29,77.7192,315646
CVX,2024-01-29,154.3235,5828012
DIS,2024-01-29,97.2298,6304413
ES_FUT,2024-01-29,4839.3829,102270
EURUSD,2024-01-29,1.1962,1251747
GBPUSD,2024-01-29,1.3831,1177482
GC_FUT,2024-01-29,1949.8055,104909
GOLD,2024-01-29,2121.4994,275327
GOOGL,2024-01-29,147.8411,39169906
GS,2024-01-29,389.6087,3343853
HD,2024-01-29,372.5154,5106093
JNJ,2024-01-29,158.3226,7058407
JPM,2024-01-29,166.4016,14732107
MA,2024-01-29,437.4487,4995328
META,2024-01-29,349.1087,19351072
MRK,2024-01-29,114.6085,9060502
MS,2024-01-29,104.2118,8938645
MSFT,2024-01-29,397.0579,15438226
NAT_GAS,2024-01-29,2.5651,218074
NKE,2024-01-29,110.8499,8963841
NQ_FUT,2024-01-29,16419.4697,102828
NVDA,2024-01-29,642.2117,31930372
NVDA_C500,2024-01-29,125.1083,108417
PFE,2024-01-29,27.5681,31986220
SILVER,2024-01-29,22.7824,130194
SOYBEANS,2024-01-29,13.941,62205
TSLA,2024-01-29,238.0366,33839380
TSLA_C250,2024-01-29,14.2268,72117
TSLA_P200,2024-01-29,7.9913,146103
UNH,2024-01-29,560.6246,5312557
USDCAD,2024-01-29,1.3343,985684
USDCHF,2024-01-29,0.8624,350944
USDJPY,2024-01-29,147.0924,1088482
V,2024-01-29,250.997,6505405
WFC,2024-01-29,54.4924,21770650
WHEAT,2024-01-29,5.4543,84037
XOM,2024-01-29,113.0983,17548395
ZB_FUT,2024-01-29,125.7837,100486
AAPL,2024-01-30,174.4145,40255422
AAPL_C150,2024-01-30,32.8214,77977
AAPL_P140,2024-01-30,4.558,68571
AMZN,2024-01-30,160.3387,55791830
AMZN_C180,2024-01-30,10.1872,68838
AUDUSD,2024-01-30,0.6477,728578
BAC,2024-01-30,36.0073,30703522
CL_FUT,2024-01-30,73.9336,106890
COP,2024-01-30,113.7676,8432599
COPPER,2024-01-30,3.7268,95594
CORN,2024-01-30,4.5647,93931
COST,2024-01-30,739.4456,3836923
CRUDE_OIL,2024-01-30,77.9899,284862
CVX,2024-01-30,149.2031,9174524
DIS,2024-01-30,99.2654,12013939
ES_FUT,2024-01-30,4803.1814,100917
EURUSD,2024-01-30,1.2379,1050713
GBPUSD,2024-01-30,1.3753,833525
GC_FUT,2024-01-30,1965.2238,138546
GOLD,2024-01-30,2121.6066,164019
GOOGL,2024-01-30,145.6521,43847576
GS,2024-01-30,398.0998,2430618
HD,2024-01-30,368.5214,3867651
JNJ,2024-01-30,157.5142,8621210
JPM,2024-01-30,165.9419,8563818
MA,2024-01-30,431.3122,4596275
META,2024-01-30,345.628,14291180
MRK,2024-01-30,117.6832,6021521
MS,2024-01-30,105.5493,11841200
MSFT,2024-01-30,397.196,35904718
NAT_GAS,2024-01-30,2.4698,220299
NKE,2024-01-30,112.35,5259071
NQ_FUT,2024-01-30,16372.1871,130548
NVDA,2024-01-30,662.4495,36522410
NVDA_C500,2024-01-30,129.2227,60659
PFE,2024-01-30,27.694,17560893
SILVER,2024-01-30,22.6181,74793
SOYBEANS,2024-01-30,13.9889,58396
TSLA,2024-01-30,236.8555,38092250
TSLA_C250,2024-01-30,13.7832,104894
TSLA_P200,2024-01-30,8.0963,109691
UNH,2024-01-30,548.1974,2995940
USDCAD,2024-01-30,1.3571,491028
USDCHF,2024-01-30,0.8795,670477
USDJPY,2024-01-30,144.5475,673126
V,2024-01-30,244.7394,6723664
WFC,2024-01-30,53.3258,14658211
WHEAT,2024-01-30,5.4264,76270
XOM,2024-01-30,112.7644,26589402
ZB_FUT,2024-01-30,126.2121,90119
AAPL,2024-01-31,173.6979,43022458
AAPL_C150,2024-01-31,32.7824,78150
AAPL_P140,2024-01-31,4.544,119554
AMZN,2024-01-31,162.8737,54045420
AMZN_C180,2024-01-31,10.2455,125303
AUDUSD,2024-01-31,0.6521,783300
BAC,2024-01-31,36.2451,35590756
CL_FUT,2024-01-31,73.5983,145114
COP,2024-01-31,117.144,8168042
COPPER,2024-01-31,3.7868,61311
CORN,2024-01-31,4.5407,74225
COST,2024-01-31,718.3852,2611988
CRUDE_OIL,2024-01-31,78.4509,239135
CVX,2024-01-31,149.3643,5284080
DIS,2024-01-31,96.349,12879049
ES_FUT,2024-01-31,4998.37,89166
EURUSD,2024-01-31,1.2444,993379
GBPUSD,2024-01-31,1.4064,894633
GC_FUT,2024-01-31,2011.5007,78610
GOLD,2024-01-31,2091.4603,147015
GOOGL,2024-01-31,146.3349,44876412
GS,2024-01-31,398.5043,3810703
HD,2024-01-31,371.1332,5065115
JNJ,2024-01-31,156.8973,9572594
JPM,2024-01-31,167.9511,16625373
MA,2024-01-31,423.6471,3092151
META,2024-01-31,348.2298,19568034
MRK,2024-01-31,118.8845,12400425
MS,2024-01-31,105.5202,9539254
MSFT,2024-01-31,405.4519,21919067
NAT_GAS,2024-01-31,2.5455,94371
NKE,2024-01-31,112.8186,11957690
NQ_FUT,2024-01-31,16331.3496,105299
NVDA,2024-01-31,682.3246,25549534
NVDA_C500,2024-01-31,131.9082,129622
PFE,2024-01-31,27.3956,30265940
SILVER,2024-01-31,22.5248,101944
SOYBEANS,2024-01-31,13.7544,37957
TSLA,2024-01-31,234.8388,34234520
TSLA_C250,2024-01-31,13.7233,144177
TSLA_P200,2024-01-31,8.0828,61166
UNH,2024-01-31,540.5434,4834906
USDCAD,2024-01-31,1.3508,734737
USDCHF,2024-01-31,0.8947,465087
USDJPY,2024-01-31,146.204,681307
V,2024-01-31,242.629,7685304
WFC,2024-01-31,53.3193,14600941
WHEAT,2024-01-31,5.4803,85725
XOM,2024-01-31,112.1837,11896405
ZB_FUT,2024-01-31,124.6916,143866
AAPL,2024-02-01,175.4134,34545064
AAPL_C150,2024-02-01,33.3887,123309
AAPL_P140,2024-02-01,4.5459,120866
AMZN,2024-02-01,161.1808,44970344
AMZN_C180,2024-02-01,10.1113,71539
AUDUSD,2024-02-01,0.6536,608174
BAC,2024-02-01,36.5533,33803899
CL_FUT,2024-02-01,72.1742,133820
COP,2024-02-01,117.1697,6574543
COPPER,2024-02-01,3.8265,111755
CORN,2024-02-01,4.5611,83728
COST,2024-02-01,722.073,3710457
CRUDE_OIL,2024-02-01,79.4071,421856
CVX,2024-02-01,148.8243,10405310
DIS,2024-02-01,94.0095,8082900
ES_FUT,2024-02-01,5060.4258,123336
EURUSD,2024-02-01,1.2438,1354807
GBPUSD,2024-02-01,1.4078,1067876
GC_FUT,2024-02-01,2018.7924,115673
GOLD,2024-02-01,2097.5285,287608
GOOGL,2024-02-01,143.0966,22179514
GS,2024-02-01,396.861,3704115
HD,2024-02-01,373.4,4157691
JNJ,2024-02-01,154.5952,8741291
JPM,2024-02-01,165.8483,13399893
MA,2024-02-01,423.9518,3209521
META,2024-02-01,348.0,28250499
MRK,2024-02-01,120.4339,9507249
MS,2024-02-01,105.2386,9737756
MSFT,2024-02-01,397.6474,16303316
NAT_GAS,2024-02-01,2.4774,220616
NKE,2024-02-01,113.4392,11523184
NQ_FUT,2024-02-01,16544.1213,71729
NVDA,2024-02-01,673.6615,29550211
NVDA_C500,2024-02-01,133.1264,137845
PFE,2024-02-01,27.5468,25949236
SILVER,2024-02-01,22.1831,146817
SOYBEANS,2024-02-01,13.7452,42308
TSLA,2024-02-01,236.1199,49502412
TSLA_C250,2024-02-01,13.7151,135493
TSLA_P200,2024-02-01,8.0838,130283
UNH,2024-02-01,543.889,3255108
USDCAD,2024-02-01,1.3306,1035949
USDCHF,2024-02-01,0.8967,623541
USDJPY,2024-02-01,146.0823,669709
V,2024-02-01,241.6783,4663250
WFC,2024-02-01,52.8724,10336792
WHEAT,2024-02-01,5.4952,80138
XOM,2024-02-01,110.2419,26810970
ZB_FUT,2024-02-01,126.5673,83194
AAPL,2024-02-02,176.3866,42508812
AAPL_C150,2024-02-02,33.3588,104671
AAPL_P140,2024-02-02,4.6101,94638
AMZN,2024-02-02,161.9834,35097300
AMZN_C180,2024-02-02,10.1253,118992
AUDUSD,2024-02-02,0.6676,598294
BAC,2024-02-02,36.3896,35139187
CL_FUT,2024-02-02,71.4555,78153
COP,2024-02-02,119.7003,4275919
COPPER,2024-02-02,3.7851,66957
CORN,2024-02-02,4.5991,82782
COST,2024-02-02,730.5412,3318442
CRUDE_OIL,2024-02-02,79.5047,447713
CVX,2024-02-02,147.4048,8884161
DIS,2024-02-02,95.456,12364526
ES_FUT,2024-02-02,4920.4174,135138
EURUSD,2024-02-02,1.227,1459372
GBPUSD,2024-02-02,1.4287,762913
GC_FUT,2024-02-02,2041.348,74039
GOLD,2024-02-02,2123.1141,284510
GOOGL,2024-02-02,141.9665,26011111
GS,2024-02-02,399.1931,3591959
HD,2024-02-02,377.0822,6558454
JNJ,2024-02-02,151.4167,5554645
JPM,2024-02-02,163.2666,9191127
MA,2024-02-02,432.2042,5902478
META,2024-02-02,352.8155,23079268
MRK,2024-02-02,118.5006,9147964
MS,2024-02-02,107.2855,10161615
MSFT,2024-02-02,408.1794,16927202
NAT_GAS,2024-02-02,2.4279,119820
NKE,2024-02-02,113.2161,5028491
NQ_FUT,2024-02-02,16740.7378,114312
NVDA,2024-02-02,678.093,25399025
NVDA_C500,2024-02-02,132.3349,108397
PFE,2024-02-02,27.4924,23893426
SILVER,2024-02-02,22.4183,78687
SOYBEANS,2024-02-02,13.7343,64253
TSLA,2024-02-02,231.4733,47987059
TSLA_C250,2024-02-02,13.4755,142904
TSLA_P200,2024-02-02,8.255,138310
UNH,2024-02-02,537.7771,5094731
USDCAD,2024-02-02,1.3174,1041735
USDCHF,2024-02-02,0.8934,545858
USDJPY,2024-02-02,140.9852,727802
V,2024-02-02,235.5889,5962240
WFC,2024-02-02,52.0778,21845540
WHEAT,2024-02-02,5.4868,52364
XOM,2024-02-02,109.9542,19777261
ZB_FUT,2024-02-02,127.563,138063
AAPL,2024-02-05,174.7806,46658143
AAPL_C150,2024-02-05,33.505,78692
AAPL_P140,2024-02-05,4.6584,148901
AMZN,2024-02-05,163.0494,56363333
AMZN_C180,2024-02-05,10.2991,141010
AUDUSD,2024-02-05,0.6817,360365
BAC,2024-02-05,36.1621,27394948
CL_FUT,2024-02-05,70.5877,119119
COP,2024-02-05,119.0137,6313894
COPPER,2024-02-05,3.8314,81484
CORN,2024-02-05,4.5448,80370
COST,2024-02-05,707.9219,4413022
CRUDE_OIL,2024-02-05,79.1208,322946
CVX,2024-02-05,149.0665,9156682
DIS,2024-02-05,97.1817,9358806
ES_FUT,2024-02-05,4903.3019,83698
EURUSD,2024-02-05,1.2539,957032
GBPUSD,2024-02-05,1.45,906403
GC_FUT,2024-02-05,2095.9135,120823
GOLD,2024-02-05,2092.2144,253319
GOOGL,2024-02-05,144.7569,32639270
GS,2024-02-05,393.8328,4016018
HD,2024-02-05,385.7022,5555015
JNJ,2024-02-05,149.9014,6335269
JPM,2024-02-05,163.8199,7754868
MA,2024-02-05,430.7557,3146200
META,2024-02-05,350.8228,12007306
MRK,2024-02-05,115.5687,12656601
MS,2024-02-05,109.4118,8376436
MSFT,2024-02-05,398.0101,25934785
NAT_GAS,2024-02-05,2.3502,108986
NKE,2024-02-05,110.8066,10313959
NQ_FUT,2024-02-05,16996.3405,129738
NVDA,2024-02-05,689.3695,19459579
NVDA_C500,2024-02-05,132.8009,123246
PFE,2024-02-05,27.3916,28484811
SILVER,2024-02-05,22.3305,70792
SOYBEANS,2024-02-05,13.9099,52030
TSLA,2024-02-05,228.8437,45116229
TSLA_C250,2024-02-05,13.5053,75948
TSLA_P200,2024-02-05,8.3888,123416
UNH,2024-02-05,540.2076,4016140
USDCAD,2024-02-05,1.3274,962312
USDCHF,2024-02-05,0.8999,673531
USDJPY,2024-02-05,139.0685,868088
V,2024-02-05,235.4989,10431271
WFC,2024-02-05,52.1469,9441669
WHEAT,2024-02-05,5.4703,73593
XOM,2024-02-05,108.5515,21097866
ZB_FUT,2024-02-05,127.7222,146680
AAPL,2024-02-06,172.9523,39427816
AAPL_C150,2024-02-06,33.9262,60246
AAPL_P140,2024-02-06,4.5841,64910
AMZN,2024-02-06,164.486,56361286
AMZN_C180,2024-02-06,10.4285,88600
AUDUSD,2024-02-06,0.6885,731839
BAC,2024-02-06,36.1853,26999326
CL_FUT,2024-02-06,70.8977,63024
COP,2024-02-06,121.1336,4510633
COPPER,2024-02-06,3.8393,52438
CORN,2024-02-06,4.5364,46021
COST,2024-02-06,702.8012,2455717
CRUDE_OIL,2024-02-06,79.6409,442974
CVX,2024-02-06,146.7609,7478496
DIS,2024-02-06,97.3102,11560517
ES_FUT,2024-02-06,4861.0707,118830
EURUSD,2024-02-06,1.255,845994
GBPUSD,2024-02-06,1.4688,872852
GC_FUT,2024-02-06,2140.4608,119708
GOLD,2024-02-06,2068.659,194926
GOOGL,2024-02-06,144.2423,38195340
GS,2024-02-06,400.8096,1899952
HD,2024-02-06,385.9823,6852659
JNJ,2024-02-06,150.4318,7057043
JPM,2024-02-06,166.48,16078848
MA,2024-02-06,435.9846,4937957
META,2024-02-06,357.2223,17164446
MRK,2024-02-06,114.5755,9042842
MS,2024-02-06,110.1244,11309918
MSFT,2024-02-06,407.285,32231274
NAT_GAS,2024-02-06,2.3178,190621
NKE,2024-02-06,112.3815,11843999
NQ_FUT,2024-02-06,16521.1083,118430
NVDA,2024-02-06,673.9949,41011846
NVDA_C500,2024-02-06,136.2441,118190
PFE,2024-02-06,27.7474,19752764
SILVER,2024-02-06,22.5826,74185
SOYBEANS,2024-02-06,14.2235,64360
TSLA,2024-02-06,228.6396,32080402
TSLA_C250,2024-02-06,13.2205,71554
TSLA_P200,2024-02-06,8.1485,118286
UNH,2024-02-06,533.555,5311045
USDCAD,2024-02-06,1.3235,778079
USDCHF,2024-02-06,0.8998,638105
USDJPY,2024-02-06,140.3047,890028
V,2024-02-06,234.8171,10343021
WFC,2024-02-06,51.5809,21832494
WHEAT,2024-02-06,5.5657,41303
XOM,2024-02-06,109.7498,26692838
ZB_FUT,2024-02-06,128.5516,118421
AAPL,2024-02-07,172.3553,59161592
AAPL_C150,2024-02-07,33.7504,120446
AAPL_P140,2024-02-07,4.5605,136396
AMZN,2024-02-07,159.8408,31562755
AMZN_C180,2024-02-07,10.2254,87510
AUDUSD,2024-02-07,0.6869,431233
BAC,2024-02-07,35.6805,26904698
CL_FUT,2024-02-07,70.0956,113956
COP,2024-02-07,122.1515,7157157
COPPER,2024-02-07,3.8855,102160
CORN,2024-02-07,4.5688,104266
COST,2024-02-07,701.0195,2349009
CRUDE_OIL,2024-02-07,74.9613,207036
CVX,2024-02-07,141.9618,10294208
DIS,2024-02-07,96.3299,10348837
ES_FUT,2024-02-07,4850.1334,92876
EURUSD,2024-02-07,1.2508,1493327
GBPUSD,2024-02-07,1.4577,1166163
GC_FUT,2024-02-07,2099.8962,108732
GOLD,2024-02-07,2082.5483,249651
GOOGL,2024-02-07,146.969,31576960
GS,2024-02-07,400.0845,3156186
HD,2024-02-07,382.505,7036692
JNJ,2024-02-07,149.6055,6888613
JPM,2024-02-07,165.4999,11527640
MA,2024-02-07,433.6387,5761321
META,2024-02-07,350.9455,23784701
MRK,2024-02-07,115.5262,8004366
MS,2024-02-07,109.4904,9170867
MSFT,2024-02-07,411.7593,17888807
NAT_GAS,2024-02-07,2.3259,112664
NKE,2024-02-07,111.3439,11948567
NQ_FUT,2024-02-07,16289.9704,63909
NVDA,2024-02-07,661.6903,34624177
NVDA_C500,2024-02-07,135.7594,144577
PFE,2024-02-07,28.0,18087783
SILVER,2024-02-07,22.3415,122719
SOYBEANS,2024-02-07,14.4784,58506
TSLA,2024-02-07,228.9629,44734466
TSLA_C250,2024-02-07,13.0723,94866
TSLA_P200,2024-02-07,8.1559,114304
UNH,2024-02-07,532.2544,4088456
USDCAD,2024-02-07,1.3039,900517
USDCHF,2024-02-07,0.8849,502379
USDJPY,2024-02-07,143.1054,563645
V,2024-02-07,233.2827,6681593
WFC,2024-02-07,52.205,20548577
WHEAT,2024-02-07,5.5978,88607
XOM,2024-02-07,109.7759,23574024
ZB_FUT,2024-02-07,130.987,75708
AAPL,2024-02-08,178.4457,57410895
AAPL_C150,2024-02-08,34.562,120211
AAPL_P140,2024-02-08,4.5305,136668
AMZN,2024-02-08,159.8921,52084184
AMZN_C180,2024-02-08,10.2933,112575
AUDUSD,2024-02-08,0.6835,863671
BAC,2024-02-08,34.7646,36729189
CL_FUT,2024-02-08,69.3571,75253
COP,2024-02-08,121.8078,7491416
COPPER,2024-02-08,3.8744,72752
CORN,2024-02-08,4.4837,58452
COST,2024-02-08,686.866,4087260
CRUDE_OIL,2024-02-08,74.4948,400396
CVX,2024-02-08,139.6667,7665845
DIS,2024-02-08,94.6257,10390689
ES_FUT,2024-02-08,4772.7092,106499
EURUSD,2024-02-08,1.2336,1447028
GBPUSD,2024-02-08,1.433,812368
GC_FUT,2024-02-08,2065.4122,63803
GOLD,2024-02-08,2081.4978,187105
GOOGL,2024-02-08,148.0397,41023437
GS,2024-02-08,389.9822,4160314
HD,2024-02-08,385.8313,3390319
JNJ,2024-02-08,150.1557,8390179
JPM,2024-02-08,168.6754,7778978
MA,2024-02-08,439.2668,5263459
META,2024-02-08,354.0075,20369787
MRK,2024-02-08,113.2193,9252595
MS,2024-02-08,112.3889,7336710
MSFT,2024-02-08,404.1736,20963774
NAT_GAS,2024-02-08,2.4255,209518
NKE,2024-02-08,109.9932,7553853
NQ_FUT,2024-02-08,16262.4062,107683
NVDA,2024-02-08,647.8579,27774276
NVDA_C500,2024-02-08,135.7771,101330
PFE,2024-02-08,30.0,60695688
SILVER,2024-02-08,21.771,63629
SOYBEANS,2024-02-08,14.6403,48152
TSLA,2024-02-08,234.1791,34199170
TSLA_C250,2024-02-08,12.7486,105369
TSLA_P200,2024-02-08,8.0046,129853
UNH,2024-02-08,536.311,5809668
USDCAD,2024-02-08,1.3265,1021305
USDCHF,2024-02-08,0.9336,456859
USDJPY,2024-02-08,142.0755,1019684
V,2024-02-08,234.2392,10115375
WFC,2024-02-08,53.1873,16350289
WHEAT,2024-02-08,5.5664,59927
XOM,2024-02-08,110.1068,16385800
ZB_FUT,2024-02-08,131.3747,120587
AAPL,2024-02-09,180.5562,37353112
AAPL_C150,2024-02-09,34.0286,73423
AAPL_P140,2024-02-09,4.5501,104248
AMZN,2024-02-09,161.0571,55828849
AMZN_C180,2024-02-09,10.1617,88469
AUDUSD,2024-02-09,0.6788,507970
BAC,2024-02-09,34.4761,39966282
CL_FUT,2024-02-09,69.303,63245
COP,2024-02-09,119.0703,6643537
COPPER,2024-02-09,3.8542,86984
CORN,2024-02-09,4.3817,86798
COST,2024-02-09,668.521,2049652
CRUDE_OIL,2024-02-09,73.7837,427660
CVX,2024-02-09,138.5563,9476837
DIS,2024-02-09,96.4504,6106658
ES_FUT,2024-02-09,4662.4555,93869
EURUSD,2024-02-09,1.235,988663
GBPUSD,2024-02-09,1.4275,689758
GC_FUT,2024-02-09,2023.1614,104310
GOLD,2024-02-09,2094.5838,210367
GOOGL,2024-02-09,151.1889,20163009
GS,2024-02-09,383.7599,2988826
HD,2024-02-09,379.7811,6011651
JNJ,2024-02-09,149.2881,10014805
JPM,2024-02-09,170.3262,8811333
MA,2024-02-09,438.9053,4835840
META,2024-02-09,350.672,20517351
MRK,2024-02-09,113.6074,6238365
MS,2024-02-09,110.8878,9679904
MSFT,2024-02-09,405.4796,34629743
NAT_GAS,2024-02-09,2.4747,176278
NKE,2024-02-09,112.4803,7504647
NQ_FUT,2024-02-09,16323.7403,131060
NVDA,2024-02-09,645.4895,23606076
NVDA_C500,2024-02-09,134.6412,89854
PFE,2024-02-09,28.1477,31807817
SILVER,2024-02-09,21.9271,68209
SOYBEANS,2024-02-09,14.8555,31697
TSLA,2024-02-09,227.3237,44546743
TSLA_C250,2024-02-09,12.5186,94619
TSLA_P200,2024-02-09,8.1047,75968
UNH,2024-02-09,529.8431,5943983
USDCAD,2024-02-09,1.3274,462545
USDCHF,2024-02-09,0.94,747280
USDJPY,2024-02-09,141.1896,854956
V,2024-02-09,231.2382,8956280
WFC,2024-02-09,53.9127,22200874
WHEAT,2024-02-09,5.5984,58505
XOM,2024-02-09,109.8913,23298322
ZB_FUT,2024-02-09,129.6017,103874
AAPL,2024-02-12,184.4612,47075494
AAPL_C150,2024-02-12,34.5547,125120
AAPL_P140,2024-02-12,4.5318,81680
AMZN,2024-02-12,158.3071,29563920
AMZN_C180,2024-02-12,10.1066,98547
AUDUSD,2024-02-12,0.6746,560795
BAC,2024-02-12,35.697,32852608
CL_FUT,2024-02-12,69.3255,74170
COP,2024-02-12,116.9988,8056275
COPPER,2024-02-12,3.9312,87859
CORN,2024-02-12,4.4262,51445
COST,2024-02-12,667.6849,2524846
CRUDE_OIL,2024-02-12,77.2912,239241
CVX,2024-02-12,138.6004,10096858
DIS,2024-02-12,96.5554,10764758
ES_FUT,2024-02-12,4734.2367,91760
EURUSD,2024-02-12,1.2237,677124
GBPUSD,2024-02-12,1.4057,978841
GC_FUT,2024-02-12,2028.46,148682
GOLD,2024-02-12,2111.3339,264780
GOOGL,2024-02-12,156.0569,23017273
GS,2024-02-12,377.5986,3750598
HD,2024-02-12,381.1445,4456207
JNJ,2024-02-12,150.2482,4622939
JPM,2024-02-12,168.3702,17934315
MA,2024-02-12,442.3571,3766899
META,2024-02-12,352.0738,28221254
MRK,2024-02-12,114.1362,12682927
MS,2024-02-12,109.1678,9990684
MSFT,2024-02-12,401.8849,27134161
NAT_GAS,2024-02-12,2.5063,209698
NKE,2024-02-12,109.8288,9715658
NQ_FUT,2024-02-12,16765.8581,94311
NVDA,2024-02-12,640.0,37166620
NVDA_C500,2024-02-12,135.2568,131479
PFE,2024-02-12,28.342,30832603
SILVER,2024-02-12,21.6822,82339
SOYBEANS,2024-02-12,14.8126,38973
TSLA,2024-02-12,222.9488,27946968
TSLA_C250,2024-02-12,12.9367,128613
TSLA_P200,2024-02-12,8.0846,121439
UNH,2024-02-12,523.7224,3774740
USDCAD,2024-02-12,1.3242,585176
USDCHF,2024-02-12,0.9264,649034
USDJPY,2024-02-12,140.8286,1149383
V,2024-02-12,232.6095,7350490
WFC,2024-02-12,53.4147,11562415
WHEAT,2024-02-12,5.5409,70859
XOM,2024-02-12,107.6186,22710029
ZB_FUT,2024-02-12,129.2955,94296
AAPL,2024-02-13,188.4631,55062738
AAPL_C150,2024-02-13,34.8979,69116
AAPL_P140,2024-02-13,4.5546,80043
AMZN,2024-02-13,160.1893,57475716
AMZN_C180,2024-02-13,10.2236,79937
AUDUSD,2024-02-13,0.6685,848052
BAC,2024-02-13,35.261,26728392
CL_FUT,2024-02-13,69.3712,149713
COP,2024-02-13,117.5608,7063850
COPPER,2024-02-13,3.918,108537
CORN,2024-02-13,4.3925,90224
COST,2024-02-13,661.4571,3618914
CRUDE_OIL,2024-02-13,78.6524,408556
CVX,2024-02-13,139.6622,8393116
DIS,2024-02-13,95.9667,6154283
ES_FUT,2024-02-13,4688.5468,138094
EURUSD,2024-02-13,1.1997,1156754
GBPUSD,2024-02-13,1.4219,774581
GC_FUT,2024-02-13,2077.9896,104172
GOLD,2024-02-13,2100.4607,296654
GOOGL,2024-02-13,153.2006,24350505
GS,2024-02-13,376.6959,2906942
HD,2024-02-13,384.1457,4116211
JNJ,2024-02-13,150.7833,4808355
JPM,2024-02-13,167.5939,8479276
MA,2024-02-13,454.6506,5836591
META,2024-02-13,353.0979,13526319
MRK,2024-02-13,112.6692,9486846
MS,2024-02-13,107.5119,9323386
MSFT,2024-02-13,403.9369,31423449
NAT_GAS,2024-02-13,2.4792,123688
NKE,2024-02-13,108.7823,9505445
NQ_FUT,2024-02-13,16420.3448,128538
NVDA,2024-02-13,610.4815,27776477
NVDA_C500,2024-02-13,135.6516,110227
PFE,2024-02-13,28.7218,26255902
SILVER,2024-02-13,21.448,120946
SOYBEANS,2024-02-13,14.7909,44499
TSLA,2024-02-13,221.716,27911781
TSLA_C250,2024-02-13,12.8851,84623
TSLA_P200,2024-02-13,8.1159,106246
UNH,2024-02-13,525.4036,4298855
USDCAD,2024-02-13,1.3314,917252
USDCHF,2024-02-13,0.9288,564565
USDJPY,2024-02-13,139.4945,1195071
V,2024-02-13,236.6302,4485411
WFC,2024-02-13,54.0571,10649156
WHEAT,2024-02-13,5.5643,80494
XOM,2024-02-13,107.41,19645422
ZB_FUT,2024-02-13,125.277,85787
AAPL,2024-02-14,188.2538,60807641
AAPL_C150,2024-02-14,34.8943,148979
AAPL_P140,2024-02-14,4.5519,117898
AMZN,2024-02-14,164.5701,53187781
AMZN_C180,2024-02-14,10.2302,126583
AUDUSD,2024-02-14,0.6738,524974
BAC,2024-02-14,35.4003,44194987
CL_FUT,2024-02-14,69.572,95562
COP,2024-02-14,117.6915,6714564
COPPER,2024-02-14,3.9447,86557
CORN,2024-02-14,4.4901,92548
COST,2024-02-14,645.5497,2308040
CRUDE_OIL,2024-02-14,79.0,406590
CVX,2024-02-14,137.6638,6684792
DIS,2024-02-14,99.9126,13318414
ES_FUT,2024-02-14,4609.5501,114378
EURUSD,2024-02-14,1.2085,673834
GBPUSD,2024-02-14,1.3878,839498
GC_FUT,2024-02-14,2040.7382,148595
GOLD,2024-02-14,2112.5062,203716
GOOGL,2024-02-14,151.3088,21236938
GS,2024-02-14,374.966,3067624
HD,2024-02-14,383.975,6391904
JNJ,2024-02-14,149.9571,8854414
JPM,2024-02-14,167.9553,15740000
MA,2024-02-14,453.2208,5296617
META,2024-02-14,350.1079,21278136
MRK,2024-02-14,114.9303,6797727
MS,2024-02-14,104.9532,11304506
MSFT,2024-02-14,405.6404,37390860
NAT_GAS,2024-02-14,2.4896,99152
NKE,2024-02-14,107.0875,7303943
NQ_FUT,2024-02-14,16210.2636,122703
NVDA,2024-02-14,608.1641,35221860
NVDA_C500,2024-02-14,134.389,83278
PFE,2024-02-14,29.1207,16621698
SILVER,2024-02-14,21.7585,83415
SOYBEANS,2024-02-14,14.8221,67495
TSLA,2024-02-14,221.04,31588080
TSLA_C250,2024-02-14,13.3886,100756
TSLA_P200,2024-02-14,8.1877,93947
UNH,2024-02-14,539.7583,5284533
USDCAD,2024-02-14,1.3335,739164
USDCHF,2024-02-14,0.9544,457783
USDJPY,2024-02-14,140.4318,1246303
V,2024-02-14,238.783,7184588
WFC,2024-02-14,54.5892,17947377
WHEAT,2024-02-14,5.6192,76011
XOM,2024-02-14,102.0,23978843
ZB_FUT,2024-02-14,124.6032,75081
AAPL,2024-02-15,191.0011,40307163
AAPL_C150,2024-02-15,35.284,86641
AAPL_P140,2024-02-15,4.5122,101318
AMZN,2024-02-15,159.5453,55730983
AMZN_C180,2024-02-15,9.9628,72087
AUDUSD,2024-02-15,0.6828,737698
BAC,2024-02-15,34.8848,44679218
CL_FUT,2024-02-15,68.6357,112747
COP,2024-02-15,115.9731,5849568
COPPER,2024-02-15,3.8899,110416
CORN,2024-02-15,4.4196,79802
COST,2024-02-15,633.8763,3856580
CRUDE_OIL,2024-02-15,77.9632,408209
CVX,2024-02-15,139.434,6674086
DIS,2024-02-15,98.6954,14187960
ES_FUT,2024-02-15,4617.4734,105165
EURUSD,2024-02-15,1.1815,738798
GBPUSD,2024-02-15,1.3778,954237
GC_FUT,2024-02-15,2062.7988,79988
GOLD,2024-02-15,2109.7323,170815
GOOGL,2024-02-15,152.671,34052017
GS,2024-02-15,372.3872,4416849
HD,2024-02-15,388.3017,7293156
JNJ,2024-02-15,151.0874,7894730
JPM,2024-02-15,164.5799,9637421
MA,2024-02-15,451.9489,4970908
META,2024-02-15,347.029,26731622
MRK,2024-02-15,114.991,8959316
MS,2024-02-15,104.1642,7973926
MSFT,2024-02-15,410.7756,29622256
NAT_GAS,2024-02-15,2.4896,90172
NKE,2024-02-15,107.986,8607666
NQ_FUT,2024-02-15,16321.6867,102942
NVDA,2024-02-15,606.2911,37734421
NVDA_C500,2024-02-15,133.7718,94922
PFE,2024-02-15,28.4442,34389698
SILVER,2024-02-15,21.8469,96395
SOYBEANS,2024-02-15,14.9484,58200
TSLA,2024-02-15,221.422,42392969
TSLA_C250,2024-02-15,13.2717,72003
TSLA_P200,2024-02-15,8.0491,71705
UNH,2024-02-15,536.7819,2898234
USDCAD,2024-02-15,1.3176,681722
USDCHF,2024-02-15,0.9497,374691
USDJPY,2024-02-15,140.8477,691437
V,2024-02-15,241.2998,7079027
WFC,2024-02-15,53.8695,17663010
WHEAT,2024-02-15,5.631,80334
XOM,2024-02-15,93.0,73307560
ZB_FUT,2024-02-15,123.8707,132694
AAPL,2024-02-16,186.9222,31444510
AAPL_C150,2024-02-16,35.058,75723
AAPL_P140,2024-02-16,4.5418,132113
AMZN,2024-02-16,163.4548,35958676
AMZN_C180,2024-02-16,10.0776,125967
AUDUSD,2024-02-16,0.6845,739996
BAC,2024-02-16,35.2516,35756830
CL_FUT,2024-02-16,66.9843,66175
COP,2024-02-16,113.5935,7050552
COPPER,2024-02-16,3.772,82290
CORN,2024-02-16,4.3675,87440
COST,2024-02-16,632.1111,3094364
CRUDE_OIL,2024-02-16,78.6883,397676
CVX,2024-02-16,132.8612,6856153
DIS,2024-02-16,96.343,6963147
ES_FUT,2024-02-16,4645.6329,66937
EURUSD,2024-02-16,1.1759,1265689
GBPUSD,2024-02-16,1.3668,994970
GC_FUT,2024-02-16,2050.7804,111899
GOLD,2024-02-16,2126.1819,219556
GOOGL,2024-02-16,151.6217,34723300
GS,2024-02-16,367.9667,3554558
HD,2024-02-16,385.4264,3051460
JNJ,2024-02-16,148.4582,7737994
JPM,2024-02-16,161.9548,11981386
MA,2024-02-16,457.4885,3646908
META,2024-02-16,343.6454,25520486
MRK,2024-02-16,116.8763,9634259
MS,2024-02-16,103.1272,8972931
MSFT,2024-02-16,404.0148,17722594
NAT_GAS,2024-02-16,2.5082,142101
NKE,2024-02-16,109.8296,10040578
NQ_FUT,2024-02-16,16402.2083,80926
NVDA,2024-02-16,624.1227,18983905
NVDA_C500,2024-02-16,132.3508,61520
PFE,2024-02-16,28.5328,35726154
SILVER,2024-02-16,21.8486,100698
SOYBEANS,2024-02-16,15.2667,41197
TSLA,2024-02-16,219.8433,35722789
TSLA_C250,2024-02-16,13.012,127358
TSLA_P200,2024-02-16,8.1184,112558
UNH,2024-02-16,536.9427,5546821
USDCAD,2024-02-16,1.3012,862140
USDCHF,2024-02-16,0.9304,362655
USDJPY,2024-02-16,139.8162,752506
V,2024-02-16,237.9504,6266184
WFC,2024-02-16,53.7481,19621726
WHEAT,2024-02-16,5.4633,63824
XOM,2024-02-16,111.7405,22065305
ZB_FUT,2024-02-16,122.538,111447
AAPL,2024-02-19,186.0934,39494227
AAPL_C150,2024-02-19,35.1222,63550
AAPL_P140,2024-02-19,4.416,100236
AMZN,2024-02-19,164.125,57509371
AMZN_C180,2024-02-19,10.2019,92286
AUDUSD,2024-02-19,0.6996,360586
BAC,2024-02-19,34.7356,23064728
CL_FUT,2024-02-19,66.8217,68114
COP,2024-02-19,111.2343,5164226
COPPER,2024-02-19,3.7915,53684
CORN,2024-02-19,4.285,83290
COST,2024-02-19,620.3281,4147579
CRUDE_OIL,2024-02-19,80.1261,368359
CVX,2024-02-19,135.1134,11398648
DIS,2024-02-19,97.0468,7727388
ES_FUT,2024-02-19,4679.1621,117912
EURUSD,2024-02-19,1.152,885010
GBPUSD,2024-02-19,1.3692,1193304
GC_FUT,2024-02-19,2103.3635,103048
GOLD,2024-02-19,2103.316,121434
GOOGL,2024-02-19,149.0359,32115133
GS,2024-02-19,375.2769,4099766
HD,2024-02-19,394.3153,5941575
JNJ,2024-02-19,147.9571,6427667
JPM,2024-02-19,161.6276,16489799
MA,2024-02-19,452.6855,4124685
META,2024-02-19,342.0339,15584338
MRK,2024-02-19,117.83,7691437
MS,2024-02-19,103.0838,6924795
MSFT,2024-02-19,406.9107,20055690
NAT_GAS,2024-02-19,2.4981,209414
NKE,2024-02-19,109.886,4963694
NQ_FUT,2024-02-19,16534.2012,138908
NVDA,2024-02-19,629.4615,28510653
NVDA_C500,2024-02-19,130.8468,120596
PFE,2024-02-19,28.5632,34397475
SILVER,2024-02-19,21.8522,101583
SOYBEANS,2024-02-19,15.1982,35801
TSLA,2024-02-19,221.0296,25020275
TSLA_C250,2024-02-19,13.1738,86902
TSLA_P200,2024-02-19,8.1174,123872
UNH,2024-02-19,548.6352,4396346
USDCAD,2024-02-19,1.3226,808109
USDCHF,2024-02-19,0.9332,326711
USDJPY,2024-02-19,141.9184,1238735
V,2024-02-19,235.3614,8062329
WFC,2024-02-19,53.6682,12288180
WHEAT,2024-02-19,5.5032,63366
XOM,2024-02-19,109.7024,11822228
ZB_FUT,2024-02-19,124.7895,136401
AAPL,2024-02-20,188.1692,72430937
AAPL_C150,2024-02-20,34.8938,88143
AAPL_P140,2024-02-20,4.4591,70683
AMZN,2024-02-20,165.7596,53186975
AMZN_C180,2024-02-20,10.0865,87492
AUDUSD,2024-02-20,0.6943,482143
BAC,2024-02-20,34.6037,27768042
CL_FUT,2024-02-20,66.4361,142350
COP,2024-02-20,111.2966,8765910
COPPER,2024-02-20,3.8664,84151
CORN,2024-02-20,4.3361,68369
COST,2024-02-20,608.8891,1841401
CRUDE_OIL,2024-02-20,80.3967,369151
CVX,2024-02-20,134.1188,10940349
DIS,2024-02-20,97.5462,10738103
ES_FUT,2024-02-20,4691.377,92600
EURUSD,2024-02-20,1.1537,877440
GBPUSD,2024-02-20,1.3618,825048
GC_FUT,2024-02-20,2122.8622,108669
GOLD,2024-02-20,2116.3426,174703
GOOGL,2024-02-20,150.519,43237068
GS,2024-02-20,382.0748,2826025
HD,2024-02-20,393.6881,3532011
JNJ,2024-02-20,148.9958,8391645
JPM,2024-02-20,163.7417,13907095
MA,2024-02-20,454.6728,3127444
META,2024-02-20,338.8989,12439656
MRK,2024-02-20,119.2997,8711032
MS,2024-02-20,102.4468,10181862
MSFT,2024-02-20,402.7585,20177581
NAT_GAS,2024-02-20,2.4006,156566
NKE,2024-02-20,110.0544,6948213
NQ_FUT,2024-02-20,16382.4324,96778
NVDA,2024-02-20,624.8706,32180358
NVDA_C500,2024-02-20,128.1421,115651
PFE,2024-02-20,28.0747,30963726
SILVER,2024-02-20,21.6102,132350
SOYBEANS,2024-02-20,15.0063,47259
TSLA,2024-02-20,220.5384,33411638
TSLA_C250,2024-02-20,13.06,124068
TSLA_P200,2024-02-20,8.2289,73932
UNH,2024-02-20,561.5219,5464197
USDCAD,2024-02-20,1.3352,594804
USDCHF,2024-02-20,0.9427,457866
USDJPY,2024-02-20,138.9677,1023546
V,2024-02-20,241.0686,8857711
WFC,2024-02-20,54.4141,9926237
WHEAT,2024-02-20,5.5648,43325
XOM,2024-02-20,107.5216,23374284
ZB_FUT,2024-02-20,125.8299,80539
AAPL,2024-02-21,189.9755,59494739
AAPL_C150,2024-02-21,35.8152,126468
AAPL_P140,2024-02-21,4.3631,69237
AMZN,2024-02-21,161.1072,33605005
AMZN_C180,2024-02-21,10.0004,114596
AUDUSD,2024-02-21,0.6953,727190
BAC,2024-02-21,34.6435,38519744
CL_FUT,2024-02-21,68.2874,91328
COP,2024-02-21,108.3301,7298950
COPPER,2024-02-21,3.8149,112832
CORN,2024-02-21,4.3366,66461
COST,2024-02-21,628.9421,4330331
CRUDE_OIL,2024-02-21,80.2724,435840
CVX,2024-02-21,134.2159,8054707
DIS,2024-02-21,98.0352,9572067
ES_FUT,2024-02-21,4736.736,124557
EURUSD,2024-02-21,1.1551,923925
GBPUSD,2024-02-21,1.3425,1142682
GC_FUT,2024-02-21,2091.647,121770
GOLD,2024-02-21,2155.9216,232089
GOOGL,2024-02-21,151.5799,24444520
GS,2024-02-21,373.1053,2654985
HD,2024-02-21,391.8265,4380628
JNJ,2024-02-21,149.0485,8742682
JPM,2024-02-21,163.6596,13784013
MA,2024-02-21,439.4143,4906216
META,2024-02-21,339.1876,27295278
MRK,2024-02-21,118.0622,11792738
MS,2024-02-21,102.8461,8683735
MSFT,2024-02-21,409.7265,19954891
NAT_GAS,2024-02-21,2.3686,103692
NKE,2024-02-21,109.1303,8629921
NQ_FUT,2024-02-21,16531.7215,131048
NVDA,2024-02-21,623.419,38244011
NVDA_C500,2024-02-21,127.5828,128036
PFE,2024-02-21,27.8312,24398114
SILVER,2024-02-21,21.6488,134733
SOYBEANS,2024-02-21,14.8953,67072
TSLA,2024-02-21,220.0671,38778347
TSLA_C250,2024-02-21,12.6929,144196
TSLA_P200,2024-02-21,8.2933,64576
UNH,2024-02-21,571.4782,3426226
USDCAD,2024-02-21,1.3268,548014
USDCHF,2024-02-21,0.9396,445644
USDJPY,2024-02-21,138.4938,1035159
V,2024-02-21,250.5623,6085176
WFC,2024-02-21,55.179,19329624
WHEAT,2024-02-21,5.6685,37563
XOM,2024-02-21,106.2568,11509661
ZB_FUT,2024-02-21,126.354,88519
AAPL,2024-02-22,188.2959,47803435
AAPL_C150,2024-02-22,36.5747,64130
AAPL_P140,2024-02-22,4.366,97110
AMZN,2024-02-22,161.4245,55398004
AMZN_C180,2024-02-22,9.9736,135761
AUDUSD,2024-02-22,0.7116,801238
BAC,2024-02-22,33.9263,23496072
CL_FUT,2024-02-22,69.1102,114572
COP,2024-02-22,108.6767,5206142
COPPER,2024-02-22,3.8429,92659
CORN,2024-02-22,4.4375,78038
COST,2024-02-22,633.7107,4498844
CRUDE_OIL,2024-02-22,78.869,230823
CVX,2024-02-22,136.0132,5432093
DIS,2024-02-22,97.0008,9357464
ES_FUT,2024-02-22,4776.0035,133005
EURUSD,2024-02-22,1.1543,768652
GBPUSD,2024-02-22,1.3569,978030
GC_FUT,2024-02-22,2091.7864,75732
GOLD,2024-02-22,2114.3914,208804
GOOGL,2024-02-22,155.086,28686217
GS,2024-02-22,371.3723,4155434
HD,2024-02-22,386.1895,7028032
JNJ,2024-02-22,144.5932,10300911
JPM,2024-02-22,163.3377,9444109
MA,2024-02-22,435.8674,2894182
META,2024-02-22,345.0633,13310908
MRK,2024-02-22,120.129,10643173
MS,2024-02-22,103.6103,11794724
MSFT,2024-02-22,417.6797,20151190
NAT_GAS,2024-02-22,2.4001,154731
NKE,2024-02-22,107.3429,10728195
NQ_FUT,2024-02-22,16898.1402,112018
NVDA,2024-02-22,625.1613,21382364
NVDA_C500,2024-02-22,125.0676,66533
PFE,2024-02-22,27.9038,22307284
SILVER,2024-02-22,21.6941,148431
SOYBEANS,2024-02-22,14.8283,43419
TSLA,2024-02-22,224.8009,25274533
TSLA_C250,2024-02-22,12.6109,116175
TSLA_P200,2024-02-22,8.3861,143914
UNH,2024-02-22,572.2129,5659102
USDCAD,2024-02-22,1.3493,929077
USDCHF,2024-02-22,0.9571,616824
USDJPY,2024-02-22,136.8942,1224869
V,2024-02-22,246.9937,7553740
WFC,2024-02-22,55.3491,20740888
WHEAT,2024-02-22,5.5296,46409
XOM,2024-02-22,106.6378,14031411
ZB_FUT,2024-02-22,126.0077,118017
AAPL,2024-02-23,191.042,41919607
AAPL_C150,2024-02-23,37.1053,136679
AAPL_P140,2024-02-23,4.3662,68180
AMZN,2024-02-23,160.3465,54909357
AMZN_C180,2024-02-23,10.0285,108475
AUDUSD,2024-02-23,0.7128,893603
BAC,2024-02-23,32.8254,29829134
CL_FUT,2024-02-23,68.9402,77507
COP,2024-02-23,109.2231,5973869
COPPER,2024-02-23,3.7616,56660
CORN,2024-02-23,4.4618,53964
COST,2024-02-23,632.78,3093086
CRUDE_OIL,2024-02-23,78.3003,446761
CVX,2024-02-23,134.7376,9709890
DIS,2024-02-23,95.4704,14912097
ES_FUT,2024-02-23,4812.525,124823
EURUSD,2024-02-23,1.1638,1003959
GBPUSD,2024-02-23,1.3227,738861
GC_FUT,2024-02-23,2140.4568,101406
GOLD,2024-02-23,2124.5651,259070
GOOGL,2024-02-23,154.2043,26536784
GS,2024-02-23,362.2618,1896927
HD,2024-02-23,390.1382,6166006
JNJ,2024-02-23,143.0062,7840886
JPM,2024-02-23,157.4484,9479072
MA,2024-02-23,429.5021,3272848
META,2024-02-23,338.8995,15499834
MRK,2024-02-23,120.9001,10894872
MS,2024-02-23,100.2673,10779402
MSFT,2024-02-23,421.6222,35371950
NAT_GAS,2024-02-23,2.4351,182766
NKE,2024-02-23,107.3983,6784678
NQ_FUT,2024-02-23,16925.6957,118909
NVDA,2024-02-23,629.3021,25376538
NVDA_C500,2024-02-23,123.6119,143524
PFE,2024-02-23,27.9691,33029748
SILVER,2024-02-23,22.1136,93501
SOYBEANS,2024-02-23,14.7417,56836
TSLA,2024-02-23,225.6882,35543500
TSLA_C250,2024-02-23,12.5209,86152
TSLA_P200,2024-02-23,8.2501,104149
UNH,2024-02-23,565.5569,2930455
USDCAD,2024-02-23,1.3301,819605
USDCHF,2024-02-23,0.9546,686107
USDJPY,2024-02-23,135.9481,1040063
V,2024-02-23,253.0234,8665060
WFC,2024-02-23,55.924,13435553
WHEAT,2024-02-23,5.6099,49472
XOM,2024-02-23,110.2645,19149214
ZB_FUT,2024-02-23,127.4867,84412
AAPL,2024-02-26,189.475,41098237
AAPL_C150,2024-02-26,36.9402,92177
AAPL_P140,2024-02-26,4.3671,114378
AMZN,2024-02-26,161.158,40570916
AMZN_C180,2024-02-26,9.9674,83691
AUDUSD,2024-02-26,0.708,398247
BAC,2024-02-26,32.4918,36852750
CL_FUT,2024-02-26,70.1837,83499
COP,2024-02-26,109.5108,6214956
COPPER,2024-02-26,3.7643,118874
CORN,2024-02-26,4.4562,75682
COST,2024-02-26,633.5712,2352185
CRUDE_OIL,2024-02-26,79.3301,263444
CVX,2024-02-26,135.7797,7301462
DIS,2024-02-26,96.5277,8032715
ES_FUT,2024-02-26,4732.1127,78963
EURUSD,2024-02-26,1.1473,623635
GBPUSD,2024-02-26,1.3136,1124761
GC_FUT,2024-02-26,2133.7892,122028
GOLD,2024-02-26,2148.2196,256886
GOOGL,2024-02-26,152.5287,38300341
GS,2024-02-26,369.3469,4286508
HD,2024-02-26,389.1618,7122586
JNJ,2024-02-26,141.8712,5540254
JPM,2024-02-26,156.759,9077186
MA,2024-02-26,423.9389,4811402
META,2024-02-26,342.6707,24534376
MRK,2024-02-26,121.2615,7701590
MS,2024-02-26,99.6564,6650184
MSFT,2024-02-26,423.2899,20355104
NAT_GAS,2024-02-26,2.3959,111958
NKE,2024-02-26,108.9154,11549354
NQ_FUT,2024-02-26,16951.3527,121899
NVDA,2024-02-26,645.8939,38984063
NVDA_C500,2024-02-26,126.2108,87121
PFE,2024-02-26,27.3935,35694819
SILVER,2024-02-26,22.5726,116726
SOYBEANS,2024-02-26,15.0912,45202
TSLA,2024-02-26,228.8974,27667298
TSLA_C250,2024-02-26,12.3665,148320
TSLA_P200,2024-02-26,8.1315,111540
UNH,2024-02-26,546.7666,3199336
USDCAD,2024-02-26,1.326,945751
USDCHF,2024-02-26,0.9658,743469
USDJPY,2024-02-26,137.2328,780930
V,2024-02-26,250.9509,6520654
WFC,2024-02-26,57.0224,9038279
WHEAT,2024-02-26,5.4726,60648
XOM,2024-02-26,111.2995,26823787
ZB_FUT,2024-02-26,123.9396,92684
AAPL,2024-02-27,187.4757,56306369
AAPL_C150,2024-02-27,36.6614,99394
AAPL_P140,2024-02-27,4.3275,105750
AMZN,2024-02-27,165.5919,34986871
AMZN_C180,2024-02-27,10.0155,66785
AUDUSD,2024-02-27,0.7109,566857
BAC,2024-02-27,33.4491,34439535
CL_FUT,2024-02-27,69.6162,96642
COP,2024-02-27,110.1829,5287945
COPPER,2024-02-27,3.7307,117995
CORN,2024-02-27,4.4106,91448
COST,2024-02-27,646.69,4270841
CRUDE_OIL,2024-02-27,78.4159,312417
CVX,2024-02-27,134.3455,5267561
DIS,2024-02-27,95.4252,11883621
ES_FUT,2024-02-27,4742.922,74512
EURUSD,2024-02-27,1.1417,918522
GBPUSD,2024-02-27,1.2866,541186
GC_FUT,2024-02-27,2156.3895,112290
GOLD,2024-02-27,2214.0508,164122
GOOGL,2024-02-27,154.8492,44958269
GS,2024-02-27,372.7189,4493049
HD,2024-02-27,391.9846,4327669
JNJ,2024-02-27,141.0751,4881775
JPM,2024-02-27,155.6435,8010700
MA,2024-02-27,415.1734,2588967
META,2024-02-27,338.9315,23809044
MRK,2024-02-27,120.861,12741375
MS,2024-02-27,100.4615,10606717
MSFT,2024-02-27,421.5377,30052000
NAT_GAS,2024-02-27,2.4588,129812
NKE,2024-02-27,108.8231,10628242
NQ_FUT,2024-02-27,16859.4018,73930
NVDA,2024-02-27,643.7353,17055808
NVDA_C500,2024-02-27,128.3077,67785
PFE,2024-02-27,26.8771,16982922
SILVER,2024-02-27,22.3045,83293
SOYBEANS,2024-02-27,15.6627,45422
TSLA,2024-02-27,230.0076,31295642
TSLA_C250,2024-02-27,12.5991,118507
TSLA_P200,2024-02-27,7.9998,88607
UNH,2024-02-27,554.5269,4024060
USDCAD,2024-02-27,1.3233,860165
USDCHF,2024-02-27,0.9633,733247
USDJPY,2024-02-27,134.3079,1037732
V,2024-02-27,257.6136,8444980
WFC,2024-02-27,58.5094,20588482
WHEAT,2024-02-27,5.5858,50794
XOM,2024-02-27,110.1032,23003312
ZB_FUT,2024-02-27,125.2342,112822
AAPL,2024-02-28,186.7061,70402029
AAPL_C150,2024-02-28,35.8582,68365
AAPL_P140,2024-02-28,4.2912,78616
AMZN,2024-02-28,166.1433,24851919
AMZN_C180,2024-02-28,9.9793,61676
AUDUSD,2024-02-28,0.7105,529209
BAC,2024-02-28,34.3917,24461031
CL_FUT,2024-02-28,69.9546,86482
COP,2024-02-28,112.3802,7479159
COPPER,2024-02-28,3.7423,78482
CORN,2024-02-28,4.4941,73960
COST,2024-02-28,631.0062,2827786
CRUDE_OIL,2024-02-28,79.1614,239078
CVX,2024-02-28,130.2882,10929806
DIS,2024-02-28,92.9112,13723972
ES_FUT,2024-02-28,4751.9272,63882
EURUSD,2024-02-28,1.1613,891987
GBPUSD,2024-02-28,1.2807,1033646
GC_FUT,2024-02-28,2158.6876,89289
GOLD,2024-02-28,2248.8057,161939
GOOGL,2024-02-28,156.0278,44894604
GS,2024-02-28,372.7095,2065796
HD,2024-02-28,388.9937,3601059
JNJ,2024-02-28,139.861,9525852
JPM,2024-02-28,158.2447,13613160
MA,2024-02-28,413.5775,3887884
META,2024-02-28,339.1675,12099806
MRK,2024-02-28,118.2828,12473565
MS,2024-02-28,98.9504,10175227
MSFT,2024-02-28,422.4148,36049070
NAT_GAS,2024-02-28,2.4914,133026
NKE,2024-02-28,108.0668,7818532
NQ_FUT,2024-02-28,17084.0589,118641
NVDA,2024-02-28,636.5259,40691176
NVDA_C500,2024-02-28,128.5441,95560
PFE,2024-02-28,27.0536,28249603
SILVER,2024-02-28,21.9624,133147
SOYBEANS,2024-02-28,15.1678,70562
TSLA,2024-02-28,230.3141,44688309
TSLA_C250,2024-02-28,12.819,122488
TSLA_P200,2024-02-28,8.1657,79796
UNH,2024-02-28,553.5605,2591724
USDCAD,2024-02-28,1.317,879873
USDCHF,2024-02-28,0.9578,653560
USDJPY,2024-02-28,135.279,635467
V,2024-02-28,262.7659,9219555
WFC,2024-02-28,58.8115,12383831
WHEAT,2024-02-28,5.523,80469
XOM,2024-02-28,109.7991,13895875
ZB_FUT,2024-02-28,127.1685,76549
AAPL,2024-02-29,185.1721,74889192
AAPL_C150,2024-02-29,35.1039,133346
AAPL_P140,2024-02-29,4.2178,92700
AMZN,2024-02-29,164.4743,30952672
AMZN_C180,2024-02-29,9.9446,112370
AUDUSD,2024-02-29,0.7058,835734
BAC,2024-02-29,34.7573,32910788
CL_FUT,2024-02-29,70.2279,145231
COP,2024-02-29,112.0821,8867020
COPPER,2024-02-29,3.7162,119156
CORN,2024-02-29,4.4397,95261
COST,2024-02-29,625.9369,3240855
CRUDE_OIL,2024-02-29,79.6493,322141
CVX,2024-02-29,129.249,9925025
DIS,2024-02-29,92.9762,9413376
ES_FUT,2024-02-29,4740.2009,111613
EURUSD,2024-02-29,1.1746,946714
GBPUSD,2024-02-29,1.2712,945839
GC_FUT,2024-02-29,2140.2692,109370
GOLD,2024-02-29,2250.8687,182356
GOOGL,2024-02-29,157.5265,25160411
GS,2024-02-29,366.858,3511119
HD,2024-02-29,386.4037,3689335
JNJ,2024-02-29,137.5075,7816830
JPM,2024-02-29,158.3358,10345600
MA,2024-02-29,413.1199,5174757
META,2024-02-29,339.3221,13918571
MRK,2024-02-29,117.145,6545569
MS,2024-02-29,98.5917,11732831
MSFT,2024-02-29,425.8324,27848469
NAT_GAS,2024-02-29,2.5062,112964
NKE,2024-02-29,108.4379,4912649
NQ_FUT,2024-02-29,17077.6907,98120
NVDA,2024-02-29,649.8013,29112161
NVDA_C500,2024-02-29,126.5232,119465
PFE,2024-02-29,26.8105,26789157
SILVER,2024-02-29,22.0881,141224
SOYBEANS,2024-02-29,15.0792,72663
TSLA,2024-02-29,227.0186,47205614
TSLA_C250,2024-02-29,12.7639,89014
TSLA_P200,2024-02-29,8.1867,105462
UNH,2024-02-29,555.2915,4207225
USDCAD,2024-02-29,1.3213,474314
USDCHF,2024-02-29,0.9973,690171
USDJPY,2024-02-29,135.8721,787357
V,2024-02-29,262.1874,8769542
WFC,2024-02-29,59.1964,11355711
WHEAT,2024-02-29,5.407,42689
XOM,2024-02-29,108.0452,24825932
ZB_FUT,2024-02-29,126.7828,62079
